1.4391758069612544,-0.5452342888987826,1.0
1.1874327727040603,-0.031064590591756924,1.0
0.8682080562729166,-0.534321178777817,1.0
1.056341414821288,-0.4704704137208691,1.0
0.9157110891327356,-0.6111657277965433,1.0
0.6176997187434484,-0.583456198713638,1.0
0.635198411620228,-0.4910187845695693,1.0
1.2366567288173007,-0.6999390694618026,1.0
0.9648701314068595,-0.28148140297518975,1.0
0.9144413372673177,-0.614155492241174,1.0
0.6012966078494766,-0.6566557504856168,1.0
0.9430914238455194,-0.5041380908569304,1.0
0.656406396562813,-0.4175070255264397,1.0
1.0656739875919736,-0.7100872831571051,1.0
0.9466193252907679,-0.7484937828586995,1.0
0.7607241212487716,-0.5584870144911963,1.0
1.1845797179769568,-0.7008265508051157,1.0
1.1925343498830236,-0.6742571788745145,1.0
1.0463730831734392,-0.7235012338945231,1.0
0.9173897477590337,-0.4530320405844557,1.0
0.9120190852564478,-0.49414274798339175,1.0
0.9401921593862362,-0.7707925657435442,1.0
0.9991385344268121,-0.4796669221675214,1.0
1.13408718050461,-0.9219386557858513,1.0
0.7695203183553955,-0.6359949762063711,1.0
1.2588084230163108,-0.5493201774250509,1.0
1.1051735541695074,-0.37475494933199544,1.0
1.0370772927613447,-0.794183260863481,1.0
0.8851578889440181,-0.7944740547752438,1.0
0.7878552035219704,-1.1641026670961334,1.0
1.1066007811855796,-0.8577929488355297,1.0
1.2280709248061203,-0.6843684599606632,1.0
1.0898505990843814,-0.6900920123508636,1.0
0.6374157743045336,-0.9095516144601987,1.0
0.5920508086503342,-0.803052242818458,1.0
0.7230934912847914,-0.7320967265501276,1.0
1.0651255986769455,-1.2601167544549234,1.0
0.43746295786735123,-1.4338209544319631,1.0
0.9940491668640093,-0.7722044518480321,1.0
0.8887275129969214,-0.692045220360318,1.0
0.6149873122803855,-0.9382273949915885,1.0
0.5972855178804379,-0.7841763238614696,1.0
0.6622272970006398,-0.5365785140557626,1.0
0.7103648977809632,-0.9913661608945371,1.0
0.5544970857438736,-0.9005281198641405,1.0
1.2745943620479547,-0.9610299521186316,1.0
0.8702583436856067,-1.2334644714922471,1.0
0.6974966607679874,-1.0244437596555587,1.0
0.9719622200832739,-0.9072692456557039,1.0
0.9941191195724934,-0.9227034055937113,1.0
0.40789477669629215,-0.7621485177922238,1.0
0.3950974392035672,-0.5536155457383696,1.0
0.8895412337821873,-0.9671226798956123,1.0
0.7887033864472076,-0.9047923012990186,1.0
0.7841989290966703,-0.9431862689643743,1.0
0.6628399182737393,-1.0514921033294442,1.0
0.6407804613991578,-1.012795902038654,1.0
0.638778516412342,-1.1163883055203099,1.0
0.5163022779101729,-0.8355517067878997,1.0
0.2752746480519386,-1.3858348686824429,1.0
0.5512521168328278,-1.0244753767522452,1.0
0.8225573232184237,-1.146831269350062,1.0
0.5795164732444598,-0.896366412619529,1.0
0.8100440975650065,-1.2470146631022252,1.0
0.6640678719643655,-1.2731814783889828,1.0
0.7384604997734412,-1.3236859603965716,1.0
0.40032133095634437,-1.4684335432205713,1.0
0.6635783697867984,-1.4384172803700301,1.0
0.4319468218975285,-1.4821928641052429,1.0
0.4157084932545173,-1.1636832316670107,1.0
0.5935065427761055,-1.2106404991070268,1.0
0.47140321491716153,-1.3301239446008613,1.0
0.7015310238118458,-1.2598589045905881,1.0
0.9200761795885499,-1.5954951478179211,1.0
0.5138537066428062,-0.9393080744228135,1.0
0.07990704966374557,-1.2554248564104444,1.0
0.40042331870399356,-1.2734982692333174,1.0
0.7999065763815443,-1.7308728420199313,1.0
0.4551497932040274,-1.2103019693965034,1.0
0.6144889942029662,-1.515728086530978,1.0
0.6292707205078041,-1.2074780874493556,1.0
0.3390631252937592,-1.5166318793194646,1.0
0.7952797271607042,-1.0942432892036063,1.0
0.48139784027167515,-1.4695116175888365,1.0
0.3752390107785638,-1.5602306409935984,1.0
0.517533188173908,-1.3403415980552513,1.0
0.465251987317704,-1.333094183207118,1.0
0.17791023125596303,-1.3273061247370734,1.0
0.28515293730297914,-1.2948731148979555,1.0
0.4659267628819488,-1.3689994895017656,1.0
0.08102913689643071,-1.6801627038860427,1.0
0.16691584592743014,-1.6998441926363004,1.0
0.37883990799717016,-1.5901115437185318,1.0
-0.038140280197240695,-1.6906902824199115,1.0
0.22801343941729116,-1.5228390871911013,1.0
0.21618385756273562,-1.637249319793139,1.0
-0.1401788871795846,-1.4233320514437462,1.0
-0.029887254612743358,-1.718935058143905,1.0
0.061509270264567706,-1.5364773393017426,1.0
0.030916325085283372,-1.3303180276737883,1.0
0.4436947061474684,-1.467452977175456,1.0
0.05996830626209445,-1.6663458419244,1.0
0.08264711399705955,-1.5019680967142672,1.0
-0.25507683928660535,-1.6979151467832734,1.0
0.33699071323239704,-1.9859199094213875,1.0
-0.019900180044539598,-1.3522870827375533,1.0
-0.13390046266888614,-1.2815478403918679,1.0
0.36623929097926133,-1.779235496275964,1.0
0.06937102389212582,-1.4187220636873081,1.0
-0.21005771821792338,-1.9013690959322949,1.0
-0.12142704600522441,-1.2742303226491418,1.0
-0.22311212483500598,-1.3185395632549541,1.0
-0.043623269713673654,-1.6440695502652891,1.0
-0.3119844286023424,-1.6896037500714365,1.0
-0.2722726621006504,-1.1236792872022219,1.0
-0.04604857335354898,-1.6773391210457886,1.0
-0.04278870682916856,-1.3504490601757344,1.0
0.00788625729677317,-1.627121306631276,1.0
0.07561065041234458,-1.8659765669804829,1.0
0.016516554376682396,-1.6947042329954305,1.0
-0.17849782263277092,-2.122580203670005,1.0
0.14000987040208143,-1.6092405946862431,1.0
-0.5978890107835185,-1.4458600774200971,1.0
0.07561493497089894,-1.6692688303469467,1.0
0.07635907324656854,-1.7590304023346903,1.0
-0.3656254219941441,-1.9377927579447536,1.0
-0.5559466230212086,-1.2760093041720522,1.0
-0.3627298308276292,-1.702388874044302,1.0
-0.5716597462719173,-1.4861088336250838,1.0
-0.709397967627583,-1.7529790604696578,1.0
-0.4702568767392207,-1.81773842929131,1.0
-0.26192626888398346,-1.4420849541146825,1.0
-0.5563043264747937,-1.6063039878963379,1.0
-0.5679702972368983,-1.7525528587369568,1.0
-0.582898250002004,-1.4637455405535487,1.0
-0.5852596036283111,-1.3820443530664628,1.0
-0.264217139830079,-1.4294180331283715,1.0
-0.6633127363888888,-1.3763924995098669,1.0
-0.4162869064480456,-1.6979069807524927,1.0
-0.292671413392191,-1.7057943130608761,1.0
-0.44839567728737506,-1.712510821056065,1.0
-0.7215252742859057,-1.6808051275519675,1.0
-0.6052515197345946,-1.4092772689204356,1.0
-0.6517975471093631,-1.6655835679712525,1.0
-0.7461648037737338,-1.8752514979086126,1.0
-0.8425197390802039,-1.6237933608460589,1.0
-0.96471108129191,-1.859099555555186,1.0
-0.8986326615269639,-1.4143985761816873,1.0
-0.5615283425118018,-1.7187468658007214,1.0
-0.7396295868097793,-2.0041080392577117,1.0
-0.6843748518670575,-1.4326649924269241,1.0
-0.8327501536442304,-1.8408622576228568,1.0
-0.7108817158997802,-1.990410234910473,1.0
-1.542494315808645,-1.3251576083966596,1.0
-0.9969213258101848,-1.6691088384840718,1.0
-0.8947066157540616,-1.7408964702689027,1.0
-0.3696651168168803,-1.518182727615012,1.0
-0.8763826171517245,-2.058341637274458,1.0
-0.5148251022520458,-1.527340975621192,1.0
-1.0254318344775024,-1.5118545685637,1.0
-1.0742144921051255,-1.4595086952975314,1.0
-1.1327785450863754,-1.4571322656015757,1.0
-1.0489248981945787,-1.444667249938452,1.0
-0.6722028881285209,-1.4817335751082044,1.0
-1.0698913164197885,-1.8285238291659476,1.0
-1.1298246614010854,-1.604492754075926,1.0
-1.2329967551025103,-1.4114365433529021,1.0
-1.4421684900718896,-1.2964117838817188,1.0
-1.4352318761339091,-1.1481869876955917,1.0
-1.0126842109143008,-1.4894733802941893,1.0
-1.199939971716833,-1.720791518748915,1.0
-1.100170507141435,-2.0033079778749117,1.0
-1.7653086134978255,-1.4127924860830807,1.0
-1.0347730448725252,-1.8523017764039427,1.0
-1.1193378852445264,-1.4740934749889523,1.0
-1.4618535063378937,-0.9394953959169994,1.0
-0.7719785217053192,-1.4187625048851062,1.0
-1.3063298217595543,-1.628512708606683,1.0
-1.3449724934453287,-1.3451046158061082,1.0
-1.3205313786230428,-1.2839742551116977,1.0
-1.0864015088184993,-1.323489614150548,1.0
-1.5286527453412293,-1.2685569339459137,1.0
-1.4514582945455015,-1.3237332256227272,1.0
-1.6985973938502268,-1.1900773942602532,1.0
-1.2055235716983965,-1.5210775229529727,1.0
-0.8941488733512019,-1.4376975996182477,1.0
-1.4487547586941585,-1.5602288126099535,1.0
-1.5190752819595634,-1.3801661311121243,1.0
-1.1247063828266304,-1.8888167414910082,1.0
-1.297688816430778,-1.7113659838335296,1.0
-1.4999521100449937,-1.328177734319357,1.0
-1.5076667258627596,-0.9845882364485566,1.0
-1.3902682679391558,-1.4616358348232907,1.0
-2.0726349486207383,-1.1219688336639737,1.0
-1.5339550625020932,-0.955547924318874,1.0
-1.6466988022202,-1.3049336586172178,1.0
-1.7359411941600829,-1.2040695208948842,1.0
-1.7148584612891289,-1.1688939614595344,1.0
-1.7731185106976484,-1.2262804028195338,1.0
-1.6439455728519665,-1.0463711308971972,1.0
-1.4675381048976224,-1.0065175963616733,1.0
-1.7111586084604504,-0.9728020765518262,1.0
-1.6592726973049585,-0.9107667136117769,1.0
-1.8034786428761174,-1.2364883252620145,1.0
-1.6359408027313056,-0.9782960881004793,1.0
-2.0261636980013704,-0.8562302827252228,1.0
-1.591568157898769,-0.8022387729130822,1.0
-2.084293114465986,-0.835567530261636,1.0
-1.7559903619410746,-0.9440124964877763,1.0
-1.5330250448423133,-0.9600018186634168,1.0
-1.9391013529808807,-0.9953776694601459,1.0
-2.206768151206848,-1.3133581656938111,1.0
-1.5896949694038425,-1.1127418903507942,1.0
-2.4576531687461616,-1.0146278782170857,1.0
-1.9785274796607772,-0.5255951804708363,1.0
-2.276348057843986,-0.9771880172088039,1.0
-1.3973089446827243,-0.8119940991928831,1.0
-2.0399451920540383,-0.6379589954507524,1.0
-2.2819781346919163,-0.8498549074198776,1.0
-2.120518471502894,-1.1072607488241788,1.0
-1.9672070890643425,-0.8540219828223381,1.0
-1.71475667318728,-0.9340580533306704,1.0
-1.9186272624523328,-0.8807118428762712,1.0
-1.973282350214536,-0.7077648430543736,1.0
-1.8028511436100825,-0.7207557651302439,1.0
-2.428656913149829,-0.750566779169899,1.0
-2.33844174734512,-0.38158788859570614,1.0
-2.3771776085253604,-0.5537194361785432,1.0
-2.1900044329187214,-0.9067931167438114,1.0
-2.261046828459425,-0.5308632336948313,1.0
-1.8905603822424317,-0.6590524954882804,1.0
-2.4207415980434956,-0.17311962472984144,1.0
-2.0510183624407623,-0.31843476982951124,1.0
-2.0992203778955476,-0.6038940908275597,1.0
-2.5866876700176347,-0.5878391733559645,1.0
-2.430943334299223,-0.8198138839596375,1.0
-1.864085420827026,-0.3807000684791332,1.0
-1.9786504654351413,-0.6761240888364598,1.0
-2.155893397975034,-0.4387952324204846,1.0
-2.222780055960711,-0.3564661258274854,1.0
-2.330277163145837,-0.5192736815963364,1.0
-2.606581803091113,-0.0764497679620329,1.0
-2.153170193378781,-0.03413142008065634,1.0
-2.3310228513708124,-0.27778158257842145,1.0
-2.1489191555802822,-0.3265045247694625,1.0
-2.256895361181769,-0.12248356050931736,1.0
-2.1989865017520933,-0.6708430077437627,1.0
-1.9883309667402085,-0.38114371545755454,1.0
-2.2920261922788163,-0.1603377715005916,1.0
-2.363946410543282,0.02405574153358958,1.0
-2.2960136757930343,-0.08151112798496754,1.0
-2.437536119066888,-0.03357279646832188,1.0
-2.4820436815112714,-0.1651222434664223,1.0
-2.4804162121993776,-0.1604499214757249,1.0
-2.3497936660330674,-0.10693511190653601,1.0
-2.4480747565875918,-0.3495976170063068,1.0
-2.6679338663370995,-0.053486818296232565,1.0
-2.381961821061385,0.12649608195826303,1.0
-2.428786166310237,-0.17027636886981057,1.0
-2.4092427497891604,0.1369368984330232,1.0
-2.4691957454883937,-0.0408060544292316,1.0
-2.560368637443011,0.035470818511588856,1.0
-2.2514229854084484,0.43331981550774407,1.0
-2.489675367911845,0.24867051029843332,1.0
-2.4224442749430453,0.0798282434585583,1.0
-2.7262309543619274,0.14947266741834653,1.0
-2.318517592316071,0.22655668908602852,1.0
-2.4109288955900205,0.7302990494038533,1.0
-2.455116684772098,0.5313474543371742,1.0
-2.734757919139082,0.17298066703127268,1.0
-2.478494963186877,0.3718402291930495,1.0
-2.449272217357247,0.3582769059618983,1.0
-2.4717039244296455,0.3461240037491257,1.0
-2.5833733578001263,0.27752752763850164,1.0
-2.585935961149876,0.33606061942511856,1.0
-2.479252662565066,0.2153891935384708,1.0
-2.281236557731863,0.3767235865039331,1.0
-2.554796159582188,0.48273749461104865,1.0
-2.465457373968216,0.45242724686971886,1.0
-2.433751424176465,0.7002327225740197,1.0
-2.620808943355313,0.5010327017018802,1.0
-1.801205700674644,0.5992386216284247,1.0
-2.821774737463168,0.8364461225220956,1.0
-2.364700653181434,0.760565208540343,1.0
-2.1571481381370594,0.21067568899752986,1.0
-2.2507456326561535,0.9671067001571594,1.0
-2.399613013066346,0.5593416132140617,1.0
-2.189395224938748,0.8485488851588476,1.0
-2.411759657222468,0.8401567391205791,1.0
-2.3774591996100756,0.8065329290222901,1.0
-2.1752553018744787,0.9851004645793855,1.0
-2.337298680543128,1.0891512460463653,1.0
-2.0080903171557565,0.9078743451968326,1.0
-2.313815161605964,0.7138119983232215,1.0
-2.5671640042551664,1.1746691792029547,1.0
-2.235811882379342,1.1873330241111963,1.0
-2.371204184977713,0.8500424478783271,1.0
-2.4332589082663065,1.3267235921581315,1.0
-2.73128592561394,0.9447766022868124,1.0
-2.2773143724748466,0.994961484607863,1.0
-2.1170060596592464,1.1101120804535782,1.0
-2.5596492963040887,1.208037940684989,1.0
-2.4946898455174384,1.4438112674820203,1.0
-2.2049466088011034,1.2834585312744953,1.0
-2.0006721660478863,1.4527068193459716,1.0
-2.0059564894597983,0.945994213638212,1.0
-2.171401735381137,1.3686322607340808,1.0
-2.086906488901567,1.5756820867336068,1.0
-1.9065710982592687,1.3147536082854299,1.0
-2.483181228849803,1.4652442611474028,1.0
-1.9752313014248901,1.2914133209188157,1.0
-1.9564263465078082,1.6291312607375668,1.0
-2.3253832564130485,1.695232087955213,1.0
-2.1682032705240366,1.47841983757522,1.0
-1.823934932508947,1.280528455539719,1.0
-1.9455062058649752,1.8908968438095233,1.0
-2.3454261721441254,1.8254238448733808,1.0
-2.501859041021395,1.705247706399994,1.0
-2.3495062047874518,1.5696346856474104,1.0
-1.8614323458516786,1.4469762784891564,1.0
-1.7624025231436624,1.7675477574283174,1.0
-2.050365379446727,1.676740863111341,1.0
-2.3701455325039893,2.138960582370632,1.0
-1.8944270432380657,1.8431218344746245,1.0
-2.1952612120803203,1.9605330044552622,1.0
-2.685584018344612,1.5819294265414738,1.0
-1.7192836485649194,1.9163976878023492,1.0
-2.202225929121332,1.6284625838779174,1.0
-1.8610283618185006,1.6228757384861652,1.0
-1.8914132112866644,1.6768149576132625,1.0
-1.999710951747544,1.99338398595757,1.0
-1.9384413323794623,2.0019288108983755,1.0
-2.2318719340104582,2.0143130146080397,1.0
-1.9953787056297145,2.0732453661060375,1.0
-1.9991737369140505,2.0924124612966586,1.0
-1.7235871797315738,2.220177985954778,1.0
-1.711403394101019,2.4122431382038507,1.0
-2.1465319030652696,1.4666638154132037,1.0
-2.043109044714921,1.854856677901547,1.0
-1.786372117620603,2.6087404929894737,1.0
-1.947300592970044,1.8570136011371514,1.0
-1.72366462610073,2.507267427862236,1.0
-2.0420170777270066,2.124565316308511,1.0
-1.8231569051475802,2.3556300932621577,1.0
-1.7498946552350998,2.4634790276503806,1.0
-1.7143999082869221,2.217886266539359,1.0
-1.5254044139896028,2.775952211834737,1.0
-1.7247917637690857,2.0936860403738753,1.0
-1.778791977228703,2.439345046511851,1.0
-1.5824910957040632,2.250358083819929,1.0
-1.6300493509861746,2.4195815184442426,1.0
-1.6569175365361137,2.3641518801171686,1.0
-1.6116618243846903,2.639740023050475,1.0
-1.4010644213244268,2.6085047706244864,1.0
-1.695978378565499,2.4762591217234187,1.0
-1.4329619594911016,2.555940088855319,1.0
-1.5146663986039646,2.624628153901413,1.0
-1.3904658029810655,2.4279222680831776,1.0
-1.592303894333838,2.5147163382021405,1.0
-1.1252546387707827,2.75215378515105,1.0
-1.2558782693939294,2.7086758052047077,1.0
-1.2414099630242716,2.901330400372492,1.0
-1.4073437926385641,2.521050190943688,1.0
-1.5294423592811726,2.8084147595151157,1.0
-1.4014041392862786,2.7135218714479006,1.0
-0.8175290988576713,2.7746719205883954,1.0
-1.1560688453791566,2.511762121811889,1.0
-1.2575517361963822,2.62906926195131,1.0
-1.2581545431441783,2.8341747442656327,1.0
-1.1799964482671925,2.687189325331946,1.0
-1.3227545648665449,2.711122191327861,1.0
-1.153727877517769,2.9143051220514544,1.0
-1.3515542022287592,2.929216501183882,1.0
-1.0956276345308136,3.0720958514854426,1.0
-1.085140513049538,2.9510443606930616,1.0
-1.3098798504917808,2.543575574791832,1.0
-0.8907314567979367,3.105821460250731,1.0
-1.1949564687476288,3.005385635184921,1.0
-0.8697975595147222,2.8789895300986545,1.0
-0.93488870508769,2.859407097909327,1.0
-1.1041111976840527,3.0905814652884915,1.0
-0.9582132815759655,2.780700977487516,1.0
-0.46206399809575666,2.9139286509797597,1.0
-0.5004671390469093,3.084685137756046,1.0
-0.9144975447854581,3.0996314270502454,1.0
-0.49486786879833944,3.1152724397381215,1.0
-0.5645772581027008,3.1699197665132393,1.0
-0.3888673974278718,3.1088940697249754,1.0
-0.8494649369597078,2.9830377969408683,1.0
-0.5171060330185938,2.5458317951765785,1.0
-0.4018658570729643,2.9453478832443962,1.0
-0.7504407689577259,3.1943607364715554,1.0
-0.012119022999747153,3.2837700251446296,1.0
-0.46371114674231195,3.1146246377460463,1.0
-0.5156266135100094,3.3207611937943917,1.0
-0.4566698108904408,3.1017051425751974,1.0
-0.4959160337671161,2.927023969105752,1.0
-0.14901336426747583,3.00925610734045,1.0
-0.05596531734704116,3.0359743689946863,1.0
-0.4513537414498076,3.250014374005469,1.0
0.3111894599759746,3.071119406611839,1.0
0.04180323647910411,2.961021998467559,1.0
-0.044026497019995454,3.1378502133651143,1.0
-0.4084614958699864,3.235346338672021,1.0
0.09360386738838426,3.1070457208940883,1.0
0.03067261437492738,3.037235918312588,1.0
0.1066977477530327,3.052389694537504,1.0
0.14161085709907723,3.5670359902913296,1.0
-0.006542292668023364,3.2320704046671302,1.0
-0.08557003082392667,3.26795066100238,1.0
0.255032923021525,3.2136018021716133,1.0
0.4465416330969049,3.237237625240162,1.0
0.1970735905857588,3.1541591761095065,1.0
0.26832411005259826,3.2665671367658224,1.0
0.4112894396430354,3.229805707575761,1.0
0.17328637437528974,3.366492959271045,1.0
0.25438136386944854,3.2316895341993277,1.0
0.06124267022526114,3.690215826241687,1.0
0.36364434655386485,3.1097672166895056,1.0
0.6822429338173107,3.4436649182218932,1.0
0.8972984066793283,2.791610978144294,1.0
0.6426350766559257,3.205389028602973,1.0
0.4311885878413436,3.182985079418716,1.0
0.7759165394052712,3.4022609142119093,1.0
0.9401559202000924,3.5626805499313865,1.0
0.4819623983962137,3.0847453081790257,1.0
0.7095135796024266,2.9849651339177474,1.0
0.5932396937242065,3.430005870213471,1.0
0.9595248632205116,2.887673095614136,1.0
0.7194494109289781,2.947851806331379,1.0
1.0225151706709699,3.166575666947928,1.0
1.0972596847021394,3.4771620100722913,1.0
0.4908910126197779,3.0960070687396155,1.0
0.8992272933063372,2.9483047424865205,1.0
1.2104343089546687,2.8142550902833343,1.0
1.2051050245811932,3.2695521261106166,1.0
1.305899328957926,2.8647176982684126,1.0
1.1971498738425275,3.176863026228112,1.0
1.1883380557801348,3.3263413314537646,1.0
1.077777356860188,3.009368410474472,1.0
1.529872225917664,3.26274849095379,1.0
1.3160363590951945,3.0251752633214095,1.0
1.4329046397135643,3.7042996929523424,1.0
1.6354672988680898,3.2821240813898642,1.0
1.2552907539126805,3.05651244726788,1.0
1.5590159647818074,3.373205444106274,1.0
1.5188699109656718,3.2597734468632806,1.0
1.4109524945738119,3.172773286731165,1.0
1.4431209614168046,3.247267743686601,1.0
1.7486908493247029,3.1953950986630613,1.0
1.630038864191027,3.122664185889792,1.0
1.8136327648435686,2.7835440165978897,1.0
1.420443158500342,3.3410875711613857,1.0
1.622737855452414,2.9729695051631015,1.0
1.5649225554928372,2.9336348468085967,1.0
1.9669252541023712,3.351169126557862,1.0
1.626456058627566,2.6396632115538834,1.0
1.6750477896159452,2.5532018564259773,1.0
1.973051362877363,3.0308845584406763,1.0
1.6112653579925027,2.8046238716619536,1.0
1.7965299846671663,2.6724455414860238,1.0
1.6889455184775901,2.849815483507366,1.0
2.1645685373403336,2.7206640463690546,1.0
1.8096822595454687,3.027279825828585,1.0
2.1742946320000707,2.520998164508172,1.0
2.020056605558141,2.601488446920281,1.0
2.096962111588811,2.8966848197506283,1.0
1.9508213514485726,3.0393481743219546,1.0
1.8755277231771097,2.3344654188318383,1.0
2.144943740954213,2.7571192646739897,1.0
2.344426552862817,2.958239786915018,1.0
2.4326905930424525,2.755986438470761,1.0
2.077245297475558,2.5407413513475876,1.0
2.399582605937153,2.6353145449450053,1.0
2.25007978039437,2.851861168893198,1.0
2.419485200886801,2.6812225837963313,1.0
2.5278162030712457,2.2781957191954567,1.0
2.707427535696838,2.424284389723871,1.0
2.26901664439808,2.723662340999713,1.0
2.341458829977982,2.286709151928611,1.0
2.344015639744569,2.526677954661703,1.0
2.124933884375502,2.3826279996610333,1.0
2.4460697737551427,2.1079747715797232,1.0
2.4085186860853,2.3786009247781426,1.0
2.6991917816298527,2.5228675604321,1.0
2.6803441874445135,2.3509804497779245,1.0
2.420545870612548,2.4164343778205297,1.0
2.6013221833538633,2.5682476729887553,1.0
3.0772345025964594,2.332419332644555,1.0
2.6970150472141357,2.167456638767736,1.0
2.4861459260500967,2.2943015067138335,1.0
2.579915655392723,2.3602870559697777,1.0
2.7985767908075423,2.227563064724814,1.0
3.0885205646364393,1.8573490419614307,1.0
2.7736866458319414,2.1797245178920863,1.0
2.8943501378292935,1.8304982941620933,1.0
3.189988754499408,2.0830605440985592,1.0
3.025276430247521,1.7631013228567898,1.0
3.014884349066965,2.3410644276027845,1.0
2.6919667317558202,1.9720120644943058,1.0
3.314379977848957,1.8093739060158804,1.0
3.560148421249018,2.2453699916527268,1.0
3.293398449180016,1.8205053536221478,1.0
3.61196435226119,2.013650719256589,1.0
3.1165646145482375,1.5577211200484162,1.0
3.152677387332939,1.7436131897290386,1.0
3.5191582488648447,1.523716712730934,1.0
3.2766096878910456,1.7532248613784418,1.0
3.217738771475235,1.7700451892813287,1.0
3.2390239204170643,1.5046229104123467,1.0
3.099117625244155,1.4529364213384175,1.0
3.3968478488780414,1.6082593798921645,1.0
3.7976204383062635,1.3540496123320582,1.0
3.701705242823792,1.4660153298453888,1.0
3.5223095585418203,1.7526508186623817,1.0
3.2744226349011796,1.276426024902955,1.0
3.4201277097783054,1.5078581367140849,1.0
3.493070533621403,1.5089247099416065,1.0
3.8481108778737427,1.5690552104871511,1.0
3.5578428980469927,1.1916657362211387,1.0
3.6713602652000294,1.6180093536627003,1.0
3.60699911924282,1.0225706254626763,1.0
3.686486950133272,1.5658086674309943,1.0
3.2087750151722054,0.849013954163895,1.0
3.674483109925035,1.2148291631195187,1.0
4.067142219235633,1.8185874894682417,1.0
3.7969046234062387,1.0470112925007542,1.0
3.6643798516794908,1.0135606991359503,1.0
3.5677286919004216,0.769052367813694,1.0
3.5660078369303507,1.2182490780128548,1.0
3.235463227682793,0.9834480804411181,1.0
3.2225636436444343,1.0620615743798565,1.0
3.26783972244228,0.7833303596637006,1.0
3.7299061473076685,0.8898229984069085,1.0
3.5954500138365355,0.5899334003234079,1.0
4.115257351999303,0.9616189413258207,1.0
3.7298517151944663,0.35693134563669443,1.0
4.270526315540701,0.4189877495049242,1.0
3.979265025698447,1.1508152343145106,1.0
3.8613936935360917,0.5108940775563038,1.0
3.679475880098889,0.7814738933150716,1.0
3.5278201573526813,0.2364521123957264,1.0
3.9476973628667316,0.7690112630640367,1.0
3.699804316044317,0.4388626717557049,1.0
3.9562820801580934,0.7314437136952701,1.0
4.028416074059332,0.7000524467130946,1.0
4.059718778981909,0.4227185222608515,1.0
3.844374267155727,0.6548943760203035,1.0
3.6614726951029155,0.09726144612860191,1.0
3.820662725151318,0.5169107906792542,1.0
3.5091281345591323,-0.13086496604634934,1.0
3.9064042160189207,0.2338473977740178,1.0
3.8845315082520218,-0.13510813880335365,1.0
4.031888004065214,-0.6738066165758779,1.0
3.87813997775868,-0.2348798411286718,1.0
3.9326860005640323,0.03150918687206469,1.0
3.9717924754833582,-0.2319294511225351,1.0
3.90442877268026,0.1490673555832734,1.0
3.728004480411523,-0.23530789978233602,1.0
3.743050640358895,-0.14528359070728122,1.0
4.267864967710712,-0.49982311417851266,1.0
4.007001298924921,-0.6130319653226806,1.0
4.099860392620044,0.0880453931015675,1.0
4.1446647368628815,-0.33477294980394995,1.0
3.8603289319339154,-0.5365124858653311,1.0
4.270896188570816,-0.4521355786090444,1.0
3.655712805980522,-0.792059488854984,1.0
3.9247078033015192,-0.2034291716523431,1.0
3.627629140218125,-0.8300428482618976,1.0
3.9167325018214014,-0.6871449323323026,1.0
3.884523032687289,-0.8513661268828023,1.0
4.340033765934841,-1.0566527762760114,1.0
3.8161916483729623,-0.5613420479848774,1.0
3.7613237469580154,-0.6664817271213836,1.0
4.270380890941996,-0.7355351356466573,1.0
4.14464014951552,-1.0581269185180522,1.0
3.691575863210775,-1.0492315511400918,1.0
3.996167421433039,-1.1440881828955423,1.0
3.8091643350769275,-0.8764196311621889,1.0
3.943650472971931,-1.4651918009887561,1.0
3.692376029531444,-1.3249909034039014,1.0
3.985091908030237,-1.4238036844147837,1.0
3.7523595199896445,-0.9768647053511257,1.0
3.822248955154857,-1.3427444585210528,1.0
3.5955493666290383,-1.259615199187645,1.0
4.054025477353154,-1.334709699545258,1.0
3.9053177117268203,-1.2098075299544675,1.0
3.7814327552453646,-1.2908474084218742,1.0
3.794048380406314,-1.5036747585424448,1.0
3.626597146836003,-1.8353269692765215,1.0
3.3770801108929573,-1.7584336722034482,1.0
3.893612613069293,-1.7901406647194875,1.0
3.9211845529388483,-1.6083584263364712,1.0
4.012629266165918,-1.7670171113558057,1.0
3.5682103755706995,-1.7622448198621998,1.0
3.403294700596561,-1.710094678573828,1.0
3.8711810173113435,-2.1899274584031443,1.0
3.595704093399352,-1.9137242265318324,1.0
3.847420122530138,-1.9392981796982647,1.0
3.6274324340593647,-1.8447710863242766,1.0
3.7538533689413875,-2.0362340236729817,1.0
3.59804722079463,-2.1858866823918013,1.0
3.8960192360347516,-2.093417075837012,1.0
3.715167406217035,-2.3632341957850134,1.0
3.736058273086089,-2.3332103017114574,1.0
3.4596845968846215,-2.4081334125192964,1.0
3.402474251789093,-1.7017622362118017,1.0
3.6617117894267546,-2.227088749866472,1.0
3.5755549191870935,-2.340769462793447,1.0
3.713495876519076,-2.448057080344708,1.0
3.7321266849951087,-2.235420786489003,1.0
3.706629657063928,-2.3577174947335093,1.0
3.811927312880668,-2.312265774394546,1.0
3.376251185903862,-2.5079992619167286,1.0
3.328135692080697,-2.606562302660003,1.0
3.2853040091278234,-2.3683650361362862,1.0
3.309522322688695,-2.698787613985966,1.0
3.5402977126744757,-2.5590329137161034,1.0
3.126585938738104,-3.124780581935267,1.0
3.206310002647464,-2.551815635436998,1.0
3.344382625901592,-2.8582318149710284,1.0
3.139624293092047,-2.8310761767686183,1.0
3.1497277605643963,-2.85162523007841,1.0
3.181161305720171,-3.008906221013998,1.0
3.4927074199017234,-2.853423062900399,1.0
3.416949021804457,-3.281821038083535,1.0
3.572111857722611,-2.566770035978182,1.0
3.1670123654736617,-2.8233762321919715,1.0
2.654250828125837,-3.3192921342845683,1.0
3.33134342455338,-3.1624474321210103,1.0
2.922031045947936,-3.3086973039474046,1.0
2.881955850377499,-3.325043832086084,1.0
3.2106291011285824,-3.3073569343428324,1.0
2.658229377931237,-3.247990954490202,1.0
2.859270478636444,-3.2955736859178755,1.0
2.7258451175017973,-3.3332484930117405,1.0
2.8937124228585525,-3.3488130321628145,1.0
2.7575828872397836,-3.5927390242437136,1.0
2.957768826848595,-3.2637245588083874,1.0
2.581972376874642,-3.4702489565064827,1.0
2.556339183238181,-3.8469809374577837,1.0
2.8670941362448965,-3.4600435472200655,1.0
2.7104125459865624,-3.7436876729875808,1.0
2.432376053960993,-3.626631491315319,1.0
2.4021359197635896,-3.5726180738781554,1.0
2.5513015206665894,-3.557729479905393,1.0
2.4458973164648112,-3.641998152231182,1.0
2.7288454934151654,-3.534782757161547,1.0
2.496487241719617,-4.130775855969518,1.0
2.1670943539725718,-3.7463099371642317,1.0
2.1610990210299743,-4.0554509958893075,1.0
2.4445107093272997,-4.091563958178056,1.0
2.1287917721151732,-4.195999053989281,1.0
2.4701546461015425,-3.6434602946117165,1.0
2.481677013262994,-3.9774293224551767,1.0
1.7987635672041002,-3.8884569740298622,1.0
1.9463656085451015,-3.9179911783162553,1.0
2.0672008093139937,-3.792095268064389,1.0
2.054021522169642,-3.8435299023294873,1.0
1.4345852313303884,-3.8692520575683353,1.0
1.724645182435353,-3.7416829172578088,1.0
1.9230606710520741,-4.137535044728877,1.0
1.642683286104478,-4.391201906606044,1.0
2.0380497230690144,-4.461847222472188,1.0
1.7984559057253569,-4.155299440630396,1.0
1.7015269118966019,-4.119177706817699,1.0
1.5413593791213434,-3.8896368466277176,1.0
1.3630977715833201,-4.4610817671625025,1.0
1.8708116190066213,-4.218548610211405,1.0
1.3580123059537814,-4.345883420590299,1.0
1.5552217610961392,-4.665161588970482,1.0
1.3224700022309341,-4.416310346878122,1.0
1.2841819520411266,-4.238975697003953,1.0
1.321066377526093,-4.485239429942891,1.0
1.4140847779442685,-4.410008474637192,1.0
1.6878309615658031,-4.218983208950261,1.0
1.2659211441234248,-4.249661759065659,1.0
1.4880708727627736,-4.324745576678817,1.0
0.8064750044142607,-4.46436359204317,1.0
0.8385793429292587,-4.698570407634948,1.0
0.8815747063447935,-4.606879482292763,1.0
0.8395295388105957,-4.143305799812245,1.0
1.2302939597423623,-4.460078160336284,1.0
0.8899579106104527,-4.449309017820569,1.0
0.5221768255180796,-4.7995565151417185,1.0
0.9947153328261692,-4.503056129737731,1.0
0.6129368135678795,-4.511202435226434,1.0
0.48952958857411183,-4.682363468351793,1.0
0.7012655654485228,-4.595244243521055,1.0
0.5721618937358546,-4.474170644438606,1.0
0.6842644090931012,-4.765142544951034,1.0
0.4010778441176712,-4.522238636294657,1.0
0.27645468660516365,-4.729407068703633,1.0
0.4938559837381093,-4.789817211953226,1.0
0.39924577556803614,-4.750698055798492,1.0
0.16221070174166188,-4.541563057527329,1.0
0.24825086714270822,-4.848796815042911,1.0
0.5668243480709211,-4.895248972690448,1.0
0.4691532235594499,-4.356963044203558,1.0
0.2623431292639056,-4.417121212976852,1.0
0.6420677478092625,-4.557636240147859,1.0
-0.2423424721274275,-4.687522250309731,1.0
0.3738712125733495,-4.6565981044489995,1.0
0.1220704532424993,-4.552131929955006,1.0
0.20282266430300516,-5.097995910147616,1.0
-0.1933522973077585,-4.6651610332457345,1.0
-0.4080787389352336,-4.551844950177304,1.0
-0.35124562677834875,-4.915054955546736,1.0
-0.17333506585915662,-4.977960954492742,1.0
-0.298018467744452,-4.60671439066395,1.0
0.1648214810283538,-4.516590453562933,1.0
-0.5667346232020166,-4.615706273564191,1.0
-0.66830899729702,-5.055274241003765,1.0
-0.4956261421739848,-4.6213363177553335,1.0
-0.8247816166941034,-4.977810817305513,1.0
-0.7523856949696154,-4.809139260078592,1.0
-0.6319336352361882,-4.795928184154758,1.0
-0.8614670367367164,-4.650605435581634,1.0
-0.8438089170395033,-4.959468470877251,1.0
-0.91659044212316,-4.750180376766231,1.0
-0.6551911939301285,-4.867326626009872,1.0
-0.7764186960145908,-4.784952291238091,1.0
-1.0872053420008787,-4.346349167531153,1.0
-1.2227540185572112,-4.654619139185144,1.0
-1.041422746114578,-4.54511897068838,1.0
-0.9493962983007758,-4.561313048804828,1.0
-0.8982852365976488,-4.7833537352356545,1.0
-1.39051033531774,-4.732101488115497,1.0
-1.4723074664294753,-4.556605091459699,1.0
-1.1286057001763525,-4.490077467836011,1.0
-1.6254053311481236,-4.8542277589781815,1.0
-1.6682786478054707,-4.936720211042503,1.0
-1.4161911639814044,-4.000571504880092,1.0
-1.382562091519128,-4.563013852204512,1.0
-1.5131585442455395,-4.522295690855141,1.0
-1.8177287215112736,-4.438924991120923,1.0
-1.6724930789242094,-4.418619228799321,1.0
-1.55980205277463,-4.521294937509164,1.0
-1.7948327774620678,-4.656779436455766,1.0
-1.435648828702037,-4.620653990065859,1.0
-2.2765987688795457,-4.28431873419107,1.0
-1.6704021384912537,-4.276959597625687,1.0
-2.3211144867636953,-4.566492970914351,1.0
-1.8963057697048378,-4.430284458502961,1.0
-1.8648486139971605,-4.860979369674604,1.0
-2.1149676469363556,-4.183835406191312,1.0
-2.25693896140244,-4.514178076246968,1.0
-2.4377458077611545,-4.292348071223092,1.0
-2.318696626384059,-4.594329576063868,1.0
-2.1891419732972497,-4.386556647866534,1.0
-2.4974616084295014,-4.224688071742312,1.0
-2.167201111786184,-4.709170893536536,1.0
-2.4631007504800055,-4.283773300314021,1.0
-2.513176684922166,-4.273639904355071,1.0
-2.432496229208066,-4.432596439188017,1.0
-2.9625515350338345,-3.970844432632596,1.0
-2.8338639198797284,-3.825543055342143,1.0
-2.7959777998230866,-4.249646798551525,1.0
-3.0772970863805282,-4.068936927952171,1.0
-2.9927386440077943,-3.9686153272575164,1.0
-2.9452503337534908,-3.9823450031773264,1.0
-3.204103251541121,-4.290137614113607,1.0
-2.6889142743420833,-4.167552726568981,1.0
-2.8732708576194184,-3.916205551164662,1.0
-3.19066542727216,-3.9578104280898416,1.0
-3.0069365439138647,-4.139064091085067,1.0
-3.064722985703983,-4.151333811585574,1.0
-3.4905660716645084,-3.663372806934459,1.0
-3.3048576108259966,-3.7879983314898626,1.0
-3.2339014032980495,-3.778094898847886,1.0
-3.112674600432881,-4.0636636569596725,1.0
-3.468125695150249,-3.9907592194308967,1.0
-3.490941104629743,-3.4707620186967936,1.0
-3.3479055356044394,-3.866120621727972,1.0
-3.307318878885111,-3.8114049394032383,1.0
-3.61604458182739,-3.416893339600214,1.0
-3.8056708405073483,-3.6544635213707126,1.0
-3.5392379441810307,-3.5118326925923204,1.0
-3.9217551848515804,-3.5384321185209457,1.0
-3.455699124477346,-3.461340305518287,1.0
-3.40843232465505,-3.1105837076527587,1.0
-3.728681429675453,-3.408151749423104,1.0
-3.3142338168577723,-3.408010522398601,1.0
-3.2710272803985436,-3.454761132677337,1.0
-4.436597770068301,-3.511899687554893,1.0
-4.000656631191198,-3.6710540961134615,1.0
-4.248913098268434,-2.820472151495292,1.0
-3.99986015524127,-3.128794365762591,1.0
-4.262671300399209,-3.1296928744827586,1.0
-4.275517550885968,-3.137519385966217,1.0
-4.308197108825543,-3.3159493182086726,1.0
-4.325052133975525,-2.971613160076927,1.0
-4.301465972861563,-2.7722857158999687,1.0
-4.0194632089475,-3.0473504493438135,1.0
-4.37018397750659,-2.679064167285125,1.0
-4.098195465056079,-3.1406641529217514,1.0
-3.997217487658314,-2.698566199778895,1.0
-4.235028602051913,-2.8100043430691213,1.0
-4.507806745636794,-2.7569488606101635,1.0
-4.462100493226148,-2.555351200898612,1.0
-4.80191846344726,-2.7568922301721117,1.0
-4.262061853480404,-2.8050053302387883,1.0
-4.291722159475679,-2.731201241505787,1.0
-4.922293237562291,-2.5024219143854087,1.0
-4.581845328378401,-2.700130830530639,1.0
-4.393681383139053,-2.2804363778549983,1.0
-4.457017096595903,-2.31923957627865,1.0
-4.363646291974542,-2.3224720735324063,1.0
-5.078386784391005,-2.0974859285808853,1.0
-4.778152397270695,-2.360245830166516,1.0
-4.863594088445229,-2.543847610334693,1.0
-4.733334003232067,-1.9988198646369288,1.0
-5.133016773757695,-2.331337390138917,1.0
-4.819731534434512,-2.052032327370723,1.0
-4.6415044406866866,-1.9257147341334477,1.0
-4.41590354641939,-1.9989155760466206,1.0
-5.269006109303625,-1.7655318524102734,1.0
-4.937177243033579,-1.7286294730031848,1.0
-4.973673927307545,-1.980366434857272,1.0
-5.212279775631147,-1.4630545720548325,1.0
-4.870335394561256,-2.002733335930227,1.0
-4.903390993478002,-1.8661477735188905,1.0
-5.247216305371231,-1.9194334203252754,1.0
-5.099735373963007,-1.7792946855391416,1.0
-5.33831647852468,-1.4617882768234922,1.0
-5.060771781955611,-1.0823695020335746,1.0
-5.212331697446751,-1.6715156951768435,1.0
-5.249441313469481,-1.1935044990006147,1.0
-5.097015726330294,-1.1819753281507783,1.0
-4.998975919516988,-0.8691922140007191,1.0
-4.854238700225342,-1.2296907867541698,1.0
-4.945064775708166,-1.212899728342233,1.0
-5.365838267852333,-1.1982672518116773,1.0
-5.358680109985791,-0.7993237490827043,1.0
-4.9216890055311175,-0.739840680561863,1.0
-5.291426319968737,-1.0653487607406622,1.0
-4.994587343987768,-0.8060187392203398,1.0
-5.38895989916744,-0.7904082829498363,1.0
-5.704680996067641,-0.4872447790407366,1.0
-5.57015245792766,-0.7196518556218673,1.0
-5.807178575751971,-0.4247829875845438,1.0
-5.3164399627658305,-0.6070945788980586,1.0
-5.518085232660214,-0.35922864821446776,1.0
-5.585477313843775,-0.09888932798109368,1.0
-5.340220552026494,-0.5713906458083304,1.0
-5.40618818735675,-0.1917498766729937,1.0
-5.377076467778221,-0.6374107652021705,1.0
-5.815625669565272,-0.44454068794301976,1.0
-5.583176777016408,-0.17668918168018635,1.0
-5.5091025838751255,-0.031153390651691898,1.0
-5.362586953442619,-0.29347291101169554,1.0
-5.463794807904641,-0.10576471321201497,1.0
-5.705159816184875,-0.08918154775862042,1.0
-5.940357828304399,0.20734243358449636,1.0
-5.421050121450597,-0.05042424017385744,1.0
-5.114718918945957,-0.05218119014845041,1.0
-5.641308320145703,0.34008202190803327,1.0
-5.691291808650847,0.5832041228726721,1.0
-5.300674133596506,0.5892289238774484,1.0
-5.271056130375535,0.20996574841362176,1.0
-5.470007321111022,0.680796837230079,1.0
-5.5454546195822285,0.398872019707629,1.0
-5.407917689031714,0.6931511757927435,1.0
-5.6832546273708315,0.5313773624941588,1.0
-5.358521136757342,0.6994035511174401,1.0
-5.30891152447588,0.674351786304269,1.0
-5.284669747961615,0.5909065632329954,1.0
-5.077629442876586,0.8526500482030077,1.0
-5.2150198032265385,0.8120896549667111,1.0
-5.711290994552744,1.1535403546182594,1.0
-5.196521965462341,1.2274409135282327,1.0
-5.24785417145264,0.8975190979714875,1.0
-5.561447605636686,0.9960367623414073,1.0
-5.120361315475391,1.4656134798824865,1.0
-5.233772381326778,1.6115673762314031,1.0
-5.563967252831476,1.3400196239296513,1.0
-5.581953860704715,1.4763255599775607,1.0
-5.431411021560785,1.18704507784408,1.0
-5.374900191123123,1.843549914263908,1.0
-5.500807390776499,1.3538985676720259,1.0
-5.437433592778348,1.7706064123641008,1.0
-5.207192739028041,1.4852999083166605,1.0
-5.120398139185509,1.9322220195526627,1.0
-5.655585482716904,1.8045365848102641,1.0
-5.4039630887985295,1.8973793525887788,1.0
-5.24035524048822,2.271820568975518,1.0
-5.076835268868017,2.223463871218377,1.0
-5.224450545061264,2.298241307484932,1.0
-5.237880379098179,2.1679997305651453,1.0
-5.70089899207107,2.4979706785955518,1.0
-5.000792511647409,2.442077865356894,1.0
-5.100809315233078,2.3562050070769662,1.0
-5.114850739672119,2.154219352192911,1.0
-4.842984337761964,2.5390331287669534,1.0
-5.165299378542045,3.016088918774162,1.0
-4.82867157100692,2.6079063949920376,1.0
-4.992706463125315,2.9592845282890536,1.0
-4.874837065908375,2.6116364119261553,1.0
-5.092508663780612,2.3941469529517967,1.0
-5.19532766390076,2.9108754488765025,1.0
-4.9999010343500006,3.095210613375341,1.0
-4.852549327130185,2.901676046994073,1.0
-4.725815538584341,3.072720099085141,1.0
-4.880464284276369,3.128292215102149,1.0
-4.853985044617645,2.9758849268809535,1.0
-4.621982056532243,3.354599147474489,1.0
-5.020175953573581,3.324794744785799,1.0
-4.957695446979517,3.315967891923576,1.0
-4.780599199333076,3.4783932358253447,1.0
-4.455365383087653,3.4007385746654895,1.0
-4.614369596828858,3.580766979623442,1.0
-4.549280449153243,3.469238026770089,1.0
-4.457766917604006,3.966249858320843,1.0
-4.99086255826442,3.621062324939291,1.0
-4.278125892626365,3.5875229447810746,1.0
-4.392476424925963,3.4974816987587536,1.0
-4.491052190949958,3.5037748190687785,1.0
-4.395154063092846,3.658794980293635,1.0
-4.404288028769597,3.5273734921466664,1.0
-4.302565375402876,4.345148616965568,1.0
-4.244873954752751,3.998971080094922,1.0
-4.190886391881208,3.5912329774953218,1.0
-4.251869078850981,3.999264530536689,1.0
-4.135777381455837,3.973683844772696,1.0
-4.299820616015805,4.380415270568255,1.0
-4.112024400959331,3.8181482896833323,1.0
-4.32879685803568,4.126555978894884,1.0
-3.8615355648084795,4.299491151220452,1.0
-4.204579886200659,4.436282323540221,1.0
-3.8789611567869553,4.385921349366406,1.0
-4.489676563454346,4.398855139475709,1.0
-3.7399000611804216,4.219564393219142,1.0
-3.867888723781519,4.122175087165398,1.0
-3.8735125947939846,4.595533403678761,1.0
-4.07747009060451,4.767237824409375,1.0
-3.89406380052051,4.480479509107583,1.0
-3.865447076138633,4.733894401409471,1.0
-3.524332485193642,4.926614664488905,1.0
-3.6651193424676727,4.820766748443796,1.0
-3.78163923784753,4.6670092030934205,1.0
-3.5546655929422544,4.8418360367303235,1.0
-3.8689259433699394,4.392128063925738,1.0
-3.371209941592539,5.011759903817319,1.0
-3.344926879480729,5.0590450070090744,1.0
-3.5805024724819776,4.790884657138834,1.0
-3.281534565732996,5.238322696323562,1.0
-3.300253789119642,4.937288096359017,1.0
-2.6917605982024,4.700654384387608,1.0
-2.9839416258185247,4.954765378692374,1.0
-2.8097329880932578,4.768623800003362,1.0
-3.1645714535200278,4.965286989740215,1.0
-2.702636036648395,5.1256154828608995,1.0
-2.6364913138828827,5.088037327270908,1.0
-2.899089233491824,5.473368774897728,1.0
-2.6615554396621923,5.371324630791948,1.0
-2.8284888590479964,5.210265398429467,1.0
-2.6865514166341895,5.690245118004596,1.0
-2.7524736445436733,5.791235894832107,1.0
-2.6189846931962357,5.772223239827805,1.0
-2.4968079903789735,5.203450913080197,1.0
-2.3797017223706773,5.917441539173615,1.0
-2.3592546186295644,5.364316726727103,1.0
-2.0987962630174963,5.601126469992414,1.0
-2.0435398197187298,5.782583896995222,1.0
-2.185817128547009,5.348028800270421,1.0
-2.1361691282899096,5.743926694946259,1.0
-2.115950253535417,5.8325517859199945,1.0
-2.0703435226725087,5.755616906283205,1.0
-2.1845569728400505,5.863682871519468,1.0
-2.0843761346887977,5.751459339191342,1.0
-1.6631162829698627,6.062884231917389,1.0
-2.3221946855925006,5.900505977700834,1.0
-1.302591633429142,6.138950939661721,1.0
-1.89711913154618,6.159325213418042,1.0
-1.6854293363206247,6.041000873963804,1.0
-1.8539357401056857,6.1337556198352985,1.0
-1.639757062195745,5.996306469950927,1.0
-1.220604397570333,6.019845697078988,1.0
-1.394499585023982,5.7819391360004015,1.0
-1.252275159130646,6.0959432313168485,1.0
-1.130503034855928,6.382583985770378,1.0
-1.2455972983369163,5.956781330168458,1.0
-1.0286359925625392,6.011838019468607,1.0
-1.0741585814697443,5.829346103219585,1.0
-1.143422300959021,6.157748321168491,1.0
-0.8556214698797144,5.986015754118032,1.0
-0.7727066939268493,6.58958460051014,1.0
-0.964612668222587,6.633838000901059,1.0
-0.5914264949709509,6.00034995731601,1.0
-0.9491429171254934,6.226669513431362,1.0
-0.6899265503017786,6.495779539856795,1.0
-0.4985753977759882,5.9126789673335,1.0
-0.4014273098797058,6.209733519664403,1.0
-0.31750586071191633,6.427807833362557,1.0
-0.6166543453045283,6.452782757814694,1.0
0.06312423544536266,6.542442706180783,1.0
0.009515240355048,6.148425027454556,1.0
-0.426181771517949,6.45592726628509,1.0
-0.21910532430816998,6.338175329096024,1.0
-0.11314571711659305,6.304108198425063,1.0
-0.9494466677368536,0.5826205492235915,-1.0
-0.8702120057317015,0.410205451014976,-1.0
-1.0994646962863464,0.555285095932881,-1.0
-1.0402798247156289,0.11354614716448436,-1.0
-0.8974045202064131,0.31698526318856113,-1.0
-1.1235353577044385,0.49577093508331166,-1.0
-0.5120106748025519,0.05505125262723437,-1.0
-0.5029195907044683,0.5708204424024089,-1.0
-0.9801367528644152,0.698707068380742,-1.0
-1.0122284672992916,0.5174708952672272,-1.0
-0.849496614891592,0.5122952991113998,-1.0
-1.224784802804504,0.19099006619203246,-1.0
-1.0021364917465525,0.6096885821217347,-1.0
-0.9733917164936721,0.4711935624919211,-1.0
-1.0851915874080706,0.412115290448513,-1.0
-1.195285530171855,0.532486543490419,-1.0
-0.7692146344754024,0.5941147234723797,-1.0
-1.0213716825894783,0.8197855435159529,-1.0
-1.173991704229676,1.0211636577499448,-1.0
-1.102574488405052,0.47911486234903244,-1.0
-0.7734815952379042,0.8711913123274362,-1.0
-0.7954942848797867,0.7519625325688565,-1.0
-0.9986694034027562,0.7796093396710781,-1.0
-0.9277330261125815,0.5669997785578424,-1.0
-0.830687866380364,0.22800559859947062,-1.0
-1.2442095904320938,0.9048623810855727,-1.0
-0.9186866216157984,0.4958725360431462,-1.0
-1.166342475217061,0.8090947236423558,-1.0
-0.05399443611395427,0.443391647018942,-1.0
-0.8695875297870759,1.0683341087838518,-1.0
-0.9887652416255024,1.2528983323818523,-1.0
-0.8014839217032825,0.7050750910184551,-1.0
-0.9633440316661604,1.1914680048190673,-1.0
-0.8677882720243668,0.8099504513389677,-1.0
-0.5742175509023435,1.0898152240233374,-1.0
-0.8117730391335138,1.3081567832891816,-1.0
-0.7966865637728529,1.0471951783803506,-1.0
-0.9436101563098539,1.1835807204500481,-1.0
-0.7776469014457098,0.7553779791643718,-1.0
-0.876750522741474,1.0862231158735396,-1.0
-0.8563809099594981,1.1124871186560443,-1.0
-0.680301389441079,1.0196326243327576,-1.0
-0.8766905975536579,0.9572813477770756,-1.0
-0.8930567643069747,1.1178786921045978,-1.0
-0.9664331181054802,0.7823836327393563,-1.0
-0.9072938990347658,1.0474965707655841,-1.0
-0.6709763410385811,1.1603406435318195,-1.0
-0.8833991864504027,1.4188410477614206,-1.0
-0.6286221114548517,0.9856560578707101,-1.0
-0.7677047684185282,1.4176216503151813,-1.0
-0.5640145251850036,1.1110254253867695,-1.0
-0.7726541718167337,1.1943054865950475,-1.0
-0.8107589599666621,1.3275559918347386,-1.0
-0.45475356074905365,1.0792504149660778,-1.0
-0.9482695773650207,1.013041507709425,-1.0
-0.6860004885469153,1.1439478431341095,-1.0
-0.6121590005725973,1.3585448547016523,-1.0
-0.4347956506666326,1.043659089920594,-1.0
-0.5710456449230411,1.5480022711391466,-1.0
-0.5068289088600622,1.1397065062777842,-1.0
-0.5572381994581577,0.9210340308218045,-1.0
-0.8976394151916123,1.3822703262950924,-1.0
-0.8544569976110336,1.7800193666948343,-1.0
-0.5852838646077917,1.6047022422282866,-1.0
-0.4423954029186289,1.0169920198085136,-1.0
-0.7649862997929737,1.4259999930985547,-1.0
-0.4303277813809449,1.0862087443360333,-1.0
-0.4574583742098035,1.2917161885879658,-1.0
-0.6708213803412715,0.9726719840540818,-1.0
-0.6234943212731265,1.0400753026034661,-1.0
-1.021335318132162,1.271997139997514,-1.0
-0.6819730051449981,1.4649460732247583,-1.0
-0.6272379085178854,1.3195309042032695,-1.0
-0.789549026497145,1.3476883444879664,-1.0
-0.49434764380439666,1.2513829304674933,-1.0
-0.5700167204250667,1.6075445033282874,-1.0
-0.24800035824765387,1.41565720118385,-1.0
-0.42865370860065616,1.0745155410251142,-1.0
-0.5355339879940477,1.421669036985896,-1.0
-0.5597437585780687,1.2761196353042301,-1.0
-0.4215271352156836,1.336495725798948,-1.0
-0.4508111293867962,1.1172953955407725,-1.0
-0.372318745808486,1.0177326619283775,-1.0
-0.24051670732609007,1.2105587944586562,-1.0
-0.655409261259583,1.4371719927129152,-1.0
-0.2713631297598398,1.168317017342744,-1.0
-0.23572758769893093,1.4053244384632562,-1.0
-0.5945984167397533,1.1548654774331273,-1.0
-0.22824548770368375,1.520739851974606,-1.0
-0.30684276570924507,1.6192916110764641,-1.0
-0.6071580180254291,0.8897158366309537,-1.0
0.2588089792054818,1.6078789268854388,-1.0
-0.29275974300708735,1.4942773761283756,-1.0
-0.33131972462222536,1.3052668146145308,-1.0
-0.07681053886684469,1.6040900077863496,-1.0
-0.20545053719794684,1.3010158851939329,-1.0
-0.10948670229161928,1.6466244797772285,-1.0
-0.30827708951364785,1.258786560579248,-1.0
-0.43438312584733374,1.5891930659580007,-1.0
0.03540422290725384,1.7828694564710155,-1.0
-0.16265711379172937,1.3241072388936463,-1.0
-0.35673253231991003,1.5439053595845544,-1.0
-0.3678749227175209,1.7198423029487802,-1.0
0.2856789904788981,1.5989229398647453,-1.0
0.009650199366818518,1.597931644540152,-1.0
-0.18329493336447067,1.7110240841274267,-1.0
0.08848832083863134,1.7065730030685466,-1.0
0.1500905568946927,1.3627061320386038,-1.0
0.13079919178966903,1.489394876148999,-1.0
0.23546944715284457,1.4791800679840343,-1.0
0.2829624236183463,1.261142367343241,-1.0
0.5898199454645917,1.5716787087448,-1.0
0.11536062702557237,1.8532047990947391,-1.0
-0.0494061096522076,1.2976158732628793,-1.0
0.13294597728567012,1.5516243067879283,-1.0
0.13184917715432087,1.458897108653415,-1.0
0.3849183100832792,1.2557923979256524,-1.0
0.12496269868196411,1.6990598375083137,-1.0
0.07332886258682421,1.584150631368025,-1.0
0.0842960046216508,1.5392287273851462,-1.0
0.2594577098352079,1.3535656510652478,-1.0
-0.18258916615999687,1.8332620745380466,-1.0
0.3540629598231646,1.7507158419761013,-1.0
0.15868172300804984,1.7794716158454196,-1.0
0.053007348932956694,1.3798517500327376,-1.0
0.3167280558759208,1.4888121454708974,-1.0
0.06792497910347006,1.8401843506774014,-1.0
0.779927161056742,1.4485164550629452,-1.0
0.3859526820258271,1.2898126896700064,-1.0
0.552538239493811,1.6928623786576047,-1.0
0.46320929704411284,1.8693151104135268,-1.0
0.0774723559816296,1.5924614958543426,-1.0
0.4331916432602827,1.679288384051636,-1.0
0.4969770362808606,1.8570092527731874,-1.0
0.5627817121982277,1.3213685119133158,-1.0
0.7363345722721006,1.5921455631316306,-1.0
0.4951460642360389,1.491739472466214,-1.0
0.4147957550601531,1.379174681939409,-1.0
0.2419701282766789,1.646144466687982,-1.0
0.6864748268448835,1.8695200469443332,-1.0
0.36458673171022254,1.7040319652983722,-1.0
0.8454189983999326,1.8670714244616675,-1.0
0.24953434361497617,1.5485331672149298,-1.0
0.7078086647534227,1.6346742061732238,-1.0
0.5691941809498755,1.8982464720690806,-1.0
0.9733671791119919,1.556049971129091,-1.0
0.6688206471550213,1.9185693016590886,-1.0
0.47913301586907087,1.6058589309606404,-1.0
0.667070834011989,1.6614226270161436,-1.0
0.80775287361079,1.656914915968976,-1.0
0.9404106573538182,1.5287793551322433,-1.0
0.855063690341753,1.6455583442175494,-1.0
0.7195185723409516,1.5608631951728027,-1.0
0.8316322896380909,1.5436440980970916,-1.0
1.1675797973076896,1.6441955978833782,-1.0
0.5745800338201308,1.5160838985321645,-1.0
0.7947363107194733,1.4028047247085917,-1.0
0.691908832574649,1.4737516102681687,-1.0
0.7543898793231826,1.6262238094550954,-1.0
0.8021123588236868,1.7271896940790645,-1.0
1.0951390739436986,1.6807157084533535,-1.0
1.2434984558182585,1.8669461114451027,-1.0
0.707983804390599,1.5363523639366738,-1.0
1.1564364481653946,1.9739992652753695,-1.0
1.0643741833509912,1.043898913542955,-1.0
1.0659879817804445,1.4836378485649482,-1.0
1.0975011612111285,1.3681059444219945,-1.0
1.0554919267362282,1.4679124221983069,-1.0
1.1090253598288269,1.6939382042345796,-1.0
1.0888661024994402,1.5413449298833817,-1.0
1.3863173958010129,1.6424285090624893,-1.0
1.1690962021706979,1.6114302869101111,-1.0
1.2034159486743043,1.3255980283149842,-1.0
0.8715711646126681,1.7107131119397734,-1.0
1.257643952320832,1.6562686385680085,-1.0
0.9427613637193348,1.6319264198639367,-1.0
1.2304652360720665,1.546202098633758,-1.0
1.330311030900742,1.4416067145290996,-1.0
1.4371920935333282,1.2199511102752851,-1.0
1.5060968147481035,1.292561278576735,-1.0
1.0644014185445356,1.2599216148699015,-1.0
1.212599325195896,1.4231192764464229,-1.0
1.5411298309739605,1.4251393357402031,-1.0
1.3594215623284347,1.5731777317825373,-1.0
1.4302277655821896,1.2915754866585376,-1.0
1.7890758848462571,1.3673818805411189,-1.0
1.4491506766095104,1.3222644631169507,-1.0
1.2853050953003897,1.4787359493311036,-1.0
1.3736183478285329,1.0838439583644186,-1.0
1.5398051157563775,0.9781086738189937,-1.0
1.3394901582586582,1.1301267546794933,-1.0
1.4296125931931873,1.3575215461246743,-1.0
1.5797972129901243,1.042956052287524,-1.0
1.7377940884602958,1.3136883009263742,-1.0
1.1344166009964116,1.5043892323522141,-1.0
1.4427125308485576,1.4203083679014248,-1.0
1.4093165137095662,1.6126391797532478,-1.0
1.532279985330412,0.8202407841958614,-1.0
1.6964219797194815,1.55047167522992,-1.0
1.7612448329677868,1.1019380704909043,-1.0
1.466481283932345,1.2155253509738904,-1.0
1.525428411911277,1.4968059312696893,-1.0
1.8953102923719738,1.1229848977578882,-1.0
1.9578194637156652,1.4443592179729154,-1.0
1.8794634466944964,0.7386325342326956,-1.0
1.9565373215799813,1.0268881144888662,-1.0
1.6420357634600273,1.236459791102253,-1.0
1.7974183244845927,0.9897960863920865,-1.0
2.0417386522706282,0.8905363185163009,-1.0
1.4645246180643612,0.9218803206867057,-1.0
1.7381274722264415,1.3474708147424057,-1.0
2.0872705664397597,0.6751451566582333,-1.0
1.6381262355313582,1.1473985348984803,-1.0
1.9627021896228505,0.9382558066262656,-1.0
1.8949156494324226,0.8118362036086111,-1.0
1.928201479844363,0.8331721308226334,-1.0
1.8376089591013485,0.6029389361173096,-1.0
2.0535816773119184,0.9260220939791988,-1.0
1.9381583482758205,0.9405953882490429,-1.0
2.1471278584229534,0.5813290626959537,-1.0
2.205143117498531,0.7792251979372384,-1.0
2.0788851886675848,0.915310218098042,-1.0
1.7778940189480759,0.7830694491111518,-1.0
2.1100292560765928,0.8037554056333507,-1.0
2.0392712750641535,0.6066263945436001,-1.0
2.1025201593600475,1.0145767987939711,-1.0
1.9263959051644826,0.5601161439592561,-1.0
2.0062654008588092,0.5277241366795122,-1.0
2.126675888739375,0.7124467007104575,-1.0
2.2400174097265153,0.5254761398729306,-1.0
1.9496621914881174,0.70297837960835,-1.0
2.119341294383607,0.9716320091798557,-1.0
1.8188772042404144,0.5347118283294082,-1.0
2.0722780480158023,0.48827950127389186,-1.0
2.0809577256233482,0.509588164994957,-1.0
2.4762151755662414,0.5544573116499294,-1.0
2.368587140769261,0.47057239039491733,-1.0
2.095495861242035,0.26624707501275247,-1.0
2.0809269988756847,0.5257396816104251,-1.0
2.1235176292336013,0.5936596694694048,-1.0
2.1209367754699318,0.7470128123959265,-1.0
2.0974604222898847,0.16226929359759884,-1.0
2.2548995567945496,0.5114738486952068,-1.0
2.2323533532339273,0.2852996345930824,-1.0
2.5167485605753246,0.499829603050016,-1.0
2.2866711037581866,0.45701943314296917,-1.0
2.4236796158107583,0.3739732900163462,-1.0
2.2379245937842525,0.2637469973804364,-1.0
2.2849287266518936,0.23524234411303346,-1.0
2.578580690155104,0.1568560229485213,-1.0
1.9741901435445979,0.3074652746683056,-1.0
2.397708461291565,0.2578407063111312,-1.0
2.4752640137293733,0.10390240564570356,-1.0
2.773475655337242,0.23544402478518384,-1.0
2.3028931926220713,0.3345050010090489,-1.0
2.1920453297811244,0.23734276368947538,-1.0
2.19868217445918,0.13091640367096904,-1.0
2.2589231241951606,0.2764263389873414,-1.0
2.6181763913585248,-0.039547363638887056,-1.0
2.5155859196645087,-0.04439124149229744,-1.0
2.3890704182106233,0.3170292107420908,-1.0
2.0161907609894354,0.15125537362924435,-1.0
2.372640292231711,-0.4307026420598762,-1.0
2.444542483886118,-0.4202171944682114,-1.0
2.3500901958023763,0.02660981736807244,-1.0
2.1918058966681784,-0.1271342093125747,-1.0
2.426270045442381,-0.04147849305697113,-1.0
2.565034982940273,-0.21116878841962622,-1.0
2.291192801111449,-0.04447566849121315,-1.0
2.638398712545917,-0.7271378458052362,-1.0
2.2153893184298266,-0.40621508739597095,-1.0
2.411569650191939,-0.4719734075239728,-1.0
2.1297659452457953,-0.4474738910528905,-1.0
2.4378963834899694,-0.4084222589378586,-1.0
2.743746330327929,-0.3405110196679284,-1.0
2.396885319516486,-0.7403619120871772,-1.0
2.4699711501254438,-0.5322179012960818,-1.0
2.544451900758593,-0.6935579061312743,-1.0
2.559118191155377,-0.7873260397532937,-1.0
2.3928174360678405,-0.4800450928096518,-1.0
2.5872669430918975,-0.3155399826563675,-1.0
2.321171245667312,-0.40016955319105113,-1.0
2.3801681948013442,-0.528601745519236,-1.0
2.288151979720699,-0.7477487365412295,-1.0
2.171342738038154,-0.33219974755408455,-1.0
2.1872938915945603,-0.4705817608902884,-1.0
2.6251294767710593,-0.8711944219687872,-1.0
2.7289689071587984,-0.6866094712072148,-1.0
2.1478993904423174,-0.923069357729784,-1.0
2.2308470973347663,-0.7038505164302731,-1.0
2.620359516291614,-1.2000025777021803,-1.0
2.383302154625492,-1.2825099394710813,-1.0
2.6284862196524683,-0.6815089084424335,-1.0
2.2001653263883565,-1.1989693912229586,-1.0
2.3420624361016715,-1.1331859401648883,-1.0
2.4987720183559268,-1.028669225797798,-1.0
2.5272361693370176,-1.0779114917168833,-1.0
2.270566222627104,-0.939633735695086,-1.0
2.2373754452594548,-1.467938704685167,-1.0
2.0783013837030917,-0.9270553314104037,-1.0
2.359655040048055,-0.8422653114739092,-1.0
2.313851473083929,-1.0420359750769288,-1.0
2.2499906818580184,-1.665534400697333,-1.0
2.379804228462681,-0.8720660557220372,-1.0
2.1138843144051345,-1.2979538038903584,-1.0
2.0681918120356553,-0.9919928083655891,-1.0
2.1112193286681515,-1.1947812183376536,-1.0
2.271320811931673,-1.4785308612775976,-1.0
2.606841848201942,-1.6503105966068743,-1.0
2.4059376317635714,-1.2709565811586747,-1.0
2.1747264940673117,-1.283871426022924,-1.0
2.105055819190088,-1.1638394615486551,-1.0
2.1287997277771336,-1.7848438662654176,-1.0
2.235674706810332,-1.3221927702266247,-1.0
2.0925801579800463,-1.562063048922969,-1.0
2.324564142430055,-1.521613084554729,-1.0
2.1255669494221214,-1.532084082842441,-1.0
2.2457350453161293,-1.686581497437829,-1.0
1.9641427473625548,-1.8891061368174529,-1.0
1.7912552577321517,-1.34181312887122,-1.0
2.1120027309409086,-1.5763687566511935,-1.0
2.4185839963379143,-1.7925765864198406,-1.0
2.030243920949095,-1.7426060899436668,-1.0
2.1444580973755443,-1.778907603292382,-1.0
2.1623096576227483,-1.4299617483743736,-1.0
2.3966555581755573,-1.781743883171208,-1.0
2.161093153938765,-1.9924916004445283,-1.0
2.0815351632771457,-1.6101281177512345,-1.0
2.0370893400202474,-2.001972750727981,-1.0
1.9690630233257003,-1.9067750860342312,-1.0
1.8941109437361041,-1.9469596295108633,-1.0
1.954065074595927,-2.1301519465580534,-1.0
2.1065586216727437,-1.9285754927449392,-1.0
1.7594081604844631,-1.8903073171307598,-1.0
1.9515034169544672,-2.0339489446750885,-1.0
1.7950837228196108,-1.834839584858344,-1.0
1.8485293620611416,-1.7897860610285123,-1.0
2.1749264397631825,-1.906301369798655,-1.0
2.0238380872244,-2.1902004321051747,-1.0
2.2689264598767296,-2.101389126585334,-1.0
1.6051400726682645,-2.3627650780109954,-1.0
2.074247670992073,-2.4132513123673425,-1.0
1.756577347208324,-2.0214133582935316,-1.0
1.5980681308708975,-2.42017302751206,-1.0
1.3189410567234732,-2.51594241596386,-1.0
1.671200492654485,-2.2842486643157187,-1.0
1.8794093035450015,-2.449860541341908,-1.0
1.5059669533777593,-1.8660941730229585,-1.0
1.4144194755551223,-2.4215748780498676,-1.0
2.037942749266939,-2.1236057278781324,-1.0
1.4812173825965114,-2.3754673891931564,-1.0
1.4926197990005228,-2.4503890487465276,-1.0
1.4764506562048723,-2.5977163883804923,-1.0
1.6855515991408567,-2.3899796069628514,-1.0
1.6964000528148502,-2.6624370494022176,-1.0
1.2826883662708357,-2.5107228796224312,-1.0
1.072568371322511,-2.625659829561404,-1.0
1.5526654980620198,-2.4265349243361274,-1.0
1.4644924208267198,-2.2615467745095494,-1.0
1.4828690539591949,-2.531524762522887,-1.0
1.5422774301002133,-2.6499739452447466,-1.0
1.2290158922970928,-2.5471378380780147,-1.0
1.376887188709353,-2.970945146411455,-1.0
1.4408859652198682,-2.673512768859273,-1.0
1.476172051661615,-2.4433050478731255,-1.0
1.5016245700737854,-2.8235210398499766,-1.0
1.027214028546125,-2.688969289436004,-1.0
1.2148322842916752,-2.635623393811314,-1.0
0.7273121669552991,-2.785241285712827,-1.0
1.3590692884308586,-2.6636947996478457,-1.0
1.1580501578126685,-3.024399376497871,-1.0
1.105752303675262,-2.635943653092555,-1.0
1.2027994964451019,-3.1120840559553304,-1.0
0.925815121398655,-2.7644840158436335,-1.0
0.9259943300529714,-2.870100569836894,-1.0
0.9136694677269059,-2.7132960053119795,-1.0
0.7150219397614538,-3.0345319564563487,-1.0
0.7494354066208044,-2.6637099065117313,-1.0
1.2513154258422157,-2.830651543650521,-1.0
1.018129608743971,-2.8637322306288064,-1.0
0.8839881255119764,-2.4402200956592877,-1.0
0.5366259152779288,-2.989751364382354,-1.0
0.8633003837788594,-2.6878898751997333,-1.0
0.4181830131705888,-2.7097567496478696,-1.0
0.5603670122733142,-3.427177468553941,-1.0
0.5771906035168782,-2.9727646650322086,-1.0
0.7094101529281981,-2.9111191332152564,-1.0
0.8757958223605563,-2.8338762931472967,-1.0
0.5885241279610449,-3.1228951073826967,-1.0
0.6933577902241389,-3.252039505310477,-1.0
1.0530970018006731,-3.1368474685405605,-1.0
0.7154230194767559,-2.834036176607717,-1.0
0.34063274725082415,-3.130945981417923,-1.0
0.28012643540504056,-3.0657738958272653,-1.0
0.14251005148980378,-3.391293924056447,-1.0
0.5384616134018179,-2.949701833971352,-1.0
0.5569792450789961,-3.0414193049671367,-1.0
0.13473142095692417,-2.963835319533906,-1.0
0.28509758320940165,-2.9970494162464996,-1.0
0.051078344243699475,-2.697251225426137,-1.0
0.12751771799876868,-2.9023190685898834,-1.0
0.005054245003278335,-3.028641357252901,-1.0
0.07249176656890248,-3.4367098714791515,-1.0
-0.16084086304266107,-3.4145823796597106,-1.0
-0.05885193220862444,-3.1665883503447785,-1.0
0.32421738418447993,-2.9655251294827343,-1.0
-0.3239368337720714,-2.9758586903483812,-1.0
-0.20216312082638288,-3.1647900200245656,-1.0
-0.014849198940943734,-3.1076724175945176,-1.0
0.11604322610562387,-3.190263540591943,-1.0
-0.08042046988290545,-2.994687964316085,-1.0
-0.08986354092409313,-2.8436087905402196,-1.0
-0.27848792938092026,-3.1883142302609215,-1.0
-0.05580938839250141,-3.1791005761418667,-1.0
-0.4600066774827868,-3.281588621546378,-1.0
-0.009323392681616638,-3.4522277085981457,-1.0
-0.17344968304630662,-3.322340160323694,-1.0
-0.6594041100868298,-3.7014605272164585,-1.0
-0.5767857234804721,-3.325136461355428,-1.0
-0.328515530320781,-3.3039906481845005,-1.0
-0.44638113879064284,-3.0871522387130286,-1.0
-0.536452918556138,-3.1965263532555728,-1.0
-0.4955191822675355,-3.152402381339345,-1.0
-0.4240406179480266,-3.2681000154466857,-1.0
-0.6676799976885887,-3.1823300825673755,-1.0
-0.8522730584536732,-3.259356711837835,-1.0
-0.6893594771734585,-3.18458536998411,-1.0
-0.7829620449329537,-3.320129897168173,-1.0
-1.0889111318854061,-3.2030252402044614,-1.0
-0.8048781002404338,-3.276289236882548,-1.0
-1.2503147381016635,-3.1654870763843617,-1.0
-1.1894375654718392,-2.841030515609743,-1.0
-0.9266665175031734,-3.0794703002728028,-1.0
-1.0825752258955395,-3.338782111680558,-1.0
-1.0623054365670037,-3.515696006920217,-1.0
-0.9094411011445429,-3.0648983880783773,-1.0
-0.8969627819426114,-3.10164612971424,-1.0
-1.1229097134719432,-3.400088410782988,-1.0
-0.8715981542943199,-3.007053151188895,-1.0
-1.3285221478079892,-3.0047924818749205,-1.0
-1.3020924588979326,-3.209869508975169,-1.0
-0.8695106150595884,-2.972577630296558,-1.0
-0.9043257273004636,-3.2209982027071247,-1.0
-1.3618735252027703,-2.9447853747970862,-1.0
-1.3159621645898363,-3.163947518160381,-1.0
-1.248165721592218,-3.1525629190105264,-1.0
-1.1651572673052506,-3.1081019953526945,-1.0
-1.5817727742677092,-2.929845709774416,-1.0
-1.3899600455915262,-2.9496645576500224,-1.0
-1.4862853352921725,-3.1794613058325285,-1.0
-1.7069131730271208,-2.5857836172964266,-1.0
-1.266550372833023,-3.271845872643169,-1.0
-1.5241053837351661,-3.047826395399132,-1.0
-1.8036896688965103,-2.848919732728299,-1.0
-1.9276781831399248,-2.9621933593075345,-1.0
-1.4829709894327832,-2.810901819899366,-1.0
-1.5569043216417575,-2.8724606644802573,-1.0
-1.8797595893958754,-2.880666182362086,-1.0
-1.7428175791572231,-3.264370629350605,-1.0
-1.854732821129909,-2.6098522019405532,-1.0
-1.9121074127776212,-2.942495362670181,-1.0
-1.7113813296069142,-2.7575265467329966,-1.0
-1.7489345608243663,-2.425884351296043,-1.0
-1.7614251273115928,-2.899133862275925,-1.0
-1.6087832689283617,-2.9359053298891817,-1.0
-2.152358104618327,-2.7031011826620883,-1.0
-1.8924965247561023,-2.841343052016068,-1.0
-2.208204865237532,-2.446150687978929,-1.0
-2.3452345311232765,-2.7903483662996824,-1.0
-2.1080976013174078,-3.066025146025746,-1.0
-2.1795580540797643,-2.8057336366155305,-1.0
-1.9696672585171073,-2.8280853294342623,-1.0
-2.223976496815535,-2.97112099053744,-1.0
-2.5148772434458135,-2.4581146583668545,-1.0
-2.4308663925370744,-2.7783286821090987,-1.0
-2.16297206600576,-2.7685951816975836,-1.0
-2.3824329947344167,-2.34566555417128,-1.0
-2.3768346461056837,-2.239831646143181,-1.0
-2.32752145261658,-2.3187249521080906,-1.0
-2.4035806934026738,-2.7668448756079114,-1.0
-2.797171095969769,-2.3627540839700796,-1.0
-2.548601946350568,-2.30520062189165,-1.0
-2.4301300920764106,-2.6063164127816836,-1.0
-2.403286414661389,-2.1828467631620314,-1.0
-2.857948562744242,-2.47039206907435,-1.0
-2.247019249878156,-2.748241202681348,-1.0
-2.635896698456563,-2.1948473231647774,-1.0
-2.55297688743397,-2.264442608099131,-1.0
-2.5607220457513753,-2.232834456181465,-1.0
-2.910792223795671,-1.9998743389183826,-1.0
-2.908105719499331,-2.371842932136085,-1.0
-2.9577992597108023,-2.163474711076499,-1.0
-2.9135552554649973,-2.14756300618408,-1.0
-2.869786331706707,-2.116014292712872,-1.0
-3.0490967641767943,-2.1405503053707022,-1.0
-3.008014858742754,-2.324365799712959,-1.0
-3.015495670427982,-2.3055079205501126,-1.0
-2.998627518812607,-1.9248284974120946,-1.0
-3.07039398298485,-1.9714750617714925,-1.0
-2.7812416875947132,-2.0970536477218458,-1.0
-3.133840129021755,-2.0875695314272615,-1.0
-3.3176490977122755,-1.8883769562662336,-1.0
-2.9628043534138753,-1.9056660817241344,-1.0
-3.4532389995145447,-1.8743122923092284,-1.0
-3.170923522114759,-2.039412495969446,-1.0
-3.0370470952533744,-1.9567539395375753,-1.0
-3.3593325816901842,-1.7517700206330764,-1.0
-3.0122727817196147,-1.8700053020349496,-1.0
-3.1080544735904625,-1.7964006544631397,-1.0
-3.526072101296264,-1.6283321245801066,-1.0
-3.1761752777139303,-1.356879019505122,-1.0
-3.3839585456131416,-1.5572171891645765,-1.0
-3.251703238342512,-1.5626133583787518,-1.0
-3.1484434873596245,-1.639973986243713,-1.0
-3.415062724373785,-1.5032565514804903,-1.0
-3.5001239294209,-1.640704699682568,-1.0
-3.315963384420219,-1.791212636663443,-1.0
-3.1917526712312245,-1.5315375008622139,-1.0
-3.304080276409387,-1.260861056201565,-1.0
-3.2861455642676964,-1.3959439089618892,-1.0
-3.4895984043532913,-1.1831721672395137,-1.0
-3.773501271522009,-1.386030731383087,-1.0
-3.5583432579178393,-1.363021916184988,-1.0
-3.6481735249967295,-1.4507155451792824,-1.0
-3.84623181292487,-1.156231615300834,-1.0
-3.113171044832668,-0.971360163336923,-1.0
-3.3839558454272174,-1.1006926024179668,-1.0
-3.584092098055094,-0.885321276207502,-1.0
-3.4232759908150703,-1.1493692341103672,-1.0
-3.843834452271579,-0.6452352621358053,-1.0
-3.6713578310578114,-1.4314736875605625,-1.0
-3.7798372269367313,-0.8478926099266526,-1.0
-3.7580614955466074,-0.9966842879497566,-1.0
-3.6677273820116065,-0.9815274613825268,-1.0
-3.8171770446661113,-0.5745980613020915,-1.0
-3.5688935076544537,-0.7678084995090991,-1.0
-3.877209245274119,-0.5938066328527235,-1.0
-3.9050023920528134,-0.6250482312424364,-1.0
-3.4672382461058726,-0.7171312059958569,-1.0
-3.7676516984318495,-0.49808501552726736,-1.0
-3.9963289531462753,-0.25052902389622644,-1.0
-3.904602300595267,-0.534824271188557,-1.0
-3.755880656715621,-0.6574609911418967,-1.0
-4.0196032422145755,-0.4628521503654272,-1.0
-3.708245434235139,-0.23893095596878236,-1.0
-4.070273031624752,-0.2047233381731091,-1.0
-3.8955700139138245,-0.49806316322849653,-1.0
-3.8912451522785534,-0.2365377150466671,-1.0
-4.233977585165823,-0.6987190691466614,-1.0
-3.855793413046943,-0.3855749371758387,-1.0
-3.851697559106024,-0.2676595183931312,-1.0
-3.8598390919880248,-0.010662197007208996,-1.0
-3.900244746164039,-0.20227771096537261,-1.0
-3.9903202573753984,0.16291031840378245,-1.0
-3.852960050823447,-0.41762693777188015,-1.0
-4.240708886317471,0.0465719892601941,-1.0
-3.826940139481154,0.2244708036321934,-1.0
-4.106555850838129,-0.07389904041742887,-1.0
-4.373829989233722,0.05129404153668496,-1.0
-3.75392212528199,0.09064216036121978,-1.0
-4.055789875118297,0.36240627891873595,-1.0
-3.5951456780723308,0.2915085572031472,-1.0
-4.087260290866198,0.21624254831157202,-1.0
-3.847470246620076,0.6101080768677062,-1.0
-3.4581645271646857,0.2523893930039772,-1.0
-3.8215817666726104,0.7693994026562718,-1.0
-4.192417279331169,0.446318774416315,-1.0
-3.826693317196704,0.6222120885070848,-1.0
-4.041650836584625,0.5692573451498472,-1.0
-4.054732696133074,0.5936778525504571,-1.0
-3.752909306971625,0.8265278956365796,-1.0
-4.028087505137139,0.8741480454320487,-1.0
-4.024282335646868,1.0005307711912932,-1.0
-3.899540935305278,0.7375037146376329,-1.0
-4.020789436738485,0.8889888680163206,-1.0
-4.0066190057864475,1.075556248369524,-1.0
-4.001722876301438,1.0438206859256167,-1.0
-3.7145391650155797,0.7254206542656692,-1.0
-4.17389050728278,1.2445503430494742,-1.0
-4.176099245663426,1.4381906848823691,-1.0
-3.943972171255974,1.603656993783205,-1.0
-4.025072383351036,0.9878530650256129,-1.0
-3.8245949380493025,0.8890992152684942,-1.0
-3.7709123850839723,1.3392958469133787,-1.0
-4.28506361974729,1.519458009874059,-1.0
-4.218162369776625,1.4301397448690238,-1.0
-4.109435928137591,1.2508706563535035,-1.0
-3.9245223306707224,1.7665225906570905,-1.0
-3.6277713417731303,1.2797462824177848,-1.0
-3.588014821666131,1.782783224992723,-1.0
-3.8501636520041256,1.4893994955660603,-1.0
-3.927053660027136,1.8333948874459303,-1.0
-3.6698214718144677,1.1891336057919408,-1.0
-3.9478579508427605,1.377309678800584,-1.0
-3.704761645263294,1.5865521022058742,-1.0
-3.9626000819667846,1.6401821394724292,-1.0
-3.868746275515501,1.8911055375556285,-1.0
-3.6873409075760426,2.1329703239911275,-1.0
-3.977208256743691,1.58741755622995,-1.0
-3.882934858630779,1.9884571202770946,-1.0
-4.235907078811712,2.0206564398226727,-1.0
-3.920186365928459,1.7582015442853707,-1.0
-3.891905032044526,2.1736967642192173,-1.0
-3.6891047827037955,2.26496458791281,-1.0
-3.9674920226173924,1.9777992042884522,-1.0
-3.3589348112759216,2.1436898552390486,-1.0
-3.5495394203474144,1.769137964227414,-1.0
-3.589508456942818,2.34049403377201,-1.0
-3.2083425085103605,2.734559004019753,-1.0
-3.459875477715205,2.219043265247631,-1.0
-3.332836024060651,2.585147289498067,-1.0
-3.071354502607345,2.2593143079992672,-1.0
-3.7380718036119607,2.2785025935158796,-1.0
-3.32358164181819,2.5400549088924214,-1.0
-3.3493857495263977,2.587887225763646,-1.0
-3.0266103676746736,2.881110695288604,-1.0
-3.127854298480586,2.6012441101213,-1.0
-3.3630438934140816,2.5039153323029026,-1.0
-3.378173951302378,2.671551755886674,-1.0
-3.7637651751736114,2.477380285393434,-1.0
-3.1409960700058073,2.674153049037025,-1.0
-3.5958494602831377,2.8880587035187144,-1.0
-3.1206753541054106,2.906219769380309,-1.0
-3.0379448597337353,2.670862136833435,-1.0
-2.9737170285135512,3.1528797944392535,-1.0
-3.208220955693974,2.951126277671457,-1.0
-2.754262614773012,3.0763107687556497,-1.0
-3.251634704467653,3.0412963581855172,-1.0
-3.3428275906514173,2.8535141860945656,-1.0
-3.220923586597798,3.140718640473726,-1.0
-2.963729439436374,3.0368007987966963,-1.0
-2.75489421530295,3.3082629768862972,-1.0
-2.9966720703773984,3.394494090522502,-1.0
-3.008471177096942,3.0794310720640534,-1.0
-2.899512083187451,3.232708908883952,-1.0
-2.712679978703356,3.298032284490386,-1.0
-2.942081251419679,3.191406281566189,-1.0
-2.6643667521245713,3.4816560741177724,-1.0
-2.864715727673476,3.751828465571434,-1.0
-2.621304516402111,3.340327858400479,-1.0
-2.7896225318056,3.605584679667172,-1.0
-2.502756505065244,3.543578275487423,-1.0
-2.5809741282617726,3.475146614563015,-1.0
-2.3510634548240628,3.65428679928957,-1.0
-2.608096403135625,3.619390118033487,-1.0
-2.3490325312016136,3.4231733765686405,-1.0
-2.5960962282954485,3.57941559315985,-1.0
-2.3118769111790587,3.680402279669948,-1.0
-2.258525068437488,3.982614574032719,-1.0
-2.3222805693482482,3.5395960272559703,-1.0
-2.5172073966124993,3.789599152333197,-1.0
-2.1616728070552305,3.9009095468467665,-1.0
-2.089748994755834,3.8936744754679746,-1.0
-2.463132129230819,3.5171174741984954,-1.0
-2.3407891017466613,3.5626521739308483,-1.0
-2.081602758235085,3.545817137227973,-1.0
-2.3052065438041023,3.5310452195737136,-1.0
-2.282047731335542,4.080002676286293,-1.0
-2.0137417554995745,3.755515727719108,-1.0
-2.0438535613018134,3.942120454143004,-1.0
-2.1320555685040503,4.058406443882779,-1.0
-1.660999588880043,4.136503654235057,-1.0
-1.8483229875241685,4.124611330979261,-1.0
-1.7229944419998766,4.24536905885613,-1.0
-1.8286123804108774,4.329731755965894,-1.0
-1.585917509982912,4.1962000184658805,-1.0
-1.7046970517605045,4.249945231889674,-1.0
-1.836899235582417,3.9594858145750975,-1.0
-1.6152463561764139,4.550187198770397,-1.0
-1.6658628241834172,3.764668604108035,-1.0
-1.413998602182168,4.034971049859903,-1.0
-1.3649486600595555,4.093329198901792,-1.0
-1.0927920057040879,4.369969969481199,-1.0
-1.455607219177637,4.088131651857017,-1.0
-1.5588368530402128,3.766309258282403,-1.0
-1.321529131503782,4.504844549479549,-1.0
-1.4391447501368553,4.324003564346607,-1.0
-1.1633642568686084,4.5900283400058175,-1.0
-1.2668859280915057,4.189328687150103,-1.0
-1.2795517525647826,4.281026837178802,-1.0
-1.283639176713823,4.3050348475600595,-1.0
-0.8798476246262243,4.4732791180258,-1.0
-0.5892634651137029,4.1562864402598505,-1.0
-1.204824577764573,4.322872720811181,-1.0
-0.9382272104676482,4.646287778985577,-1.0
-0.8060341328641716,4.577889717577034,-1.0
-0.915988221110671,4.481335775716273,-1.0
-0.5562645302149714,4.711724006197174,-1.0
-0.6510386770988599,4.545983678911318,-1.0
-0.7754128050560671,4.812715935223188,-1.0
-0.34989252384882413,4.68703099738981,-1.0
-0.426008678998018,4.971987183018306,-1.0
-0.5304340715715608,4.456403886946056,-1.0
-0.39742749542962663,4.594057319251452,-1.0
-0.6807788517421904,4.537733355181641,-1.0
-0.539881772134335,4.893326373587613,-1.0
-0.3860420676388695,4.636700978628155,-1.0
-0.2924590957158743,4.664305420392258,-1.0
-0.3559350857239638,4.558210437012214,-1.0
-0.2353908876905684,4.534470205391788,-1.0
-0.10431043911271631,4.709033783104861,-1.0
-0.11297746794996971,5.451513993188696,-1.0
-0.03431034347565456,4.515265125034166,-1.0
-0.1646191272747266,4.87358625071259,-1.0
0.07062090781537135,4.7615714363366894,-1.0
-0.252967219374918,4.585428534723632,-1.0
0.25601624764388636,4.7778335298488575,-1.0
0.47893085316719747,4.645392344484572,-1.0
0.6312359341174808,4.569944183558936,-1.0
0.33749830658163127,4.643286461220645,-1.0
0.3988225458646071,4.924974169646513,-1.0
0.40731728038752674,4.853524278291936,-1.0
0.5596246403375411,4.917344504002602,-1.0
0.6670679932504491,4.911384477125744,-1.0
0.6278277292756703,4.988056189160652,-1.0
1.1912612123352613,4.671722502575789,-1.0
1.0441943330082015,4.773933951684347,-1.0
0.7467723827137045,4.68480023158526,-1.0
0.8078128612486835,4.85957104983034,-1.0
0.9296360130660872,4.852838890170174,-1.0
0.9756526308729069,4.642275349781705,-1.0
0.8714423038614967,4.548912844416774,-1.0
0.7955079035326333,4.856403124248479,-1.0
0.9399877546184084,4.701587386370278,-1.0
0.5288382998768065,5.013008780091081,-1.0
1.0214609417846001,4.445390639602971,-1.0
1.4289018183281668,4.977426961479936,-1.0
1.4057550251099753,4.441967232836451,-1.0
1.0657438652042295,4.691428395948672,-1.0
1.526483711460927,4.899096006049073,-1.0
1.543191852373225,4.579184478193842,-1.0
1.288903830948298,4.510487344249607,-1.0
1.7981579729500234,4.884126997560989,-1.0
0.9940227166080399,4.6498140139635495,-1.0
1.3232098165584891,4.269192858772147,-1.0
1.7453875936328154,4.627048213436767,-1.0
1.7301246548777767,4.032232920284155,-1.0
1.9158123495994601,4.760431449588901,-1.0
1.9673277907408029,4.629100057504815,-1.0
1.9765662381048195,4.781638427287474,-1.0
2.1422398830287146,4.435664599322123,-1.0
2.091166235864652,4.295878209631026,-1.0
2.13843475760672,4.7614419301674,-1.0
1.7932602782263527,4.567139867821321,-1.0
2.0948805605586553,4.363810187403108,-1.0
2.244660675981398,4.4947087705156,-1.0
2.197907713749069,4.575225549273728,-1.0
2.1233198930814217,4.089801590205858,-1.0
2.241980161476791,4.253298654563059,-1.0
2.5028593147509453,4.24345841754724,-1.0
2.0959559764575864,4.214616973561592,-1.0
2.555724649522066,4.379921573786047,-1.0
2.7300984912607427,4.377491723011843,-1.0
2.319941119498433,4.245463080293203,-1.0
2.367298188399387,3.7176149558259013,-1.0
2.4837599922679083,3.892945332533049,-1.0
2.434847062810325,4.223477457165475,-1.0
3.059978666474219,4.367903644956814,-1.0
2.802755671596278,4.078294737483253,-1.0
2.683266428178295,4.384498464677837,-1.0
2.6288381215510377,4.002123042039456,-1.0
2.876669125879883,4.271600147990265,-1.0
2.6501604149691023,4.018374248192915,-1.0
3.2516388890730576,3.994926904428065,-1.0
3.20713483906777,4.04293162044493,-1.0
3.104703265237361,3.6354391045362275,-1.0
3.16678082655612,4.17614606509545,-1.0
3.1743736024411766,4.027163056694038,-1.0
2.982658400164876,3.9690690145552963,-1.0
3.3848924836502974,3.8750231616333837,-1.0
3.272660511662855,3.5914637480258764,-1.0
3.2499788746652154,3.825403334718639,-1.0
3.2230231436141885,3.733180587094061,-1.0
3.1375259047694137,3.874160455071364,-1.0
3.3072908776254635,3.592603145831753,-1.0
3.57339713441961,3.8740769077667068,-1.0
3.7281501074613894,3.6115611678301924,-1.0
3.7389957571347967,3.5315666620888924,-1.0
3.507599237418768,3.8080799692363607,-1.0
3.85861349830134,3.321434384927413,-1.0
3.7215640270362793,3.4535753277180157,-1.0
3.5838304845362474,3.82853569776463,-1.0
3.7891516803676573,3.6339154198947172,-1.0
3.95518803133628,3.1861005433839074,-1.0
3.6370461894865667,3.284159247354998,-1.0
3.911156303140806,3.3789175351755283,-1.0
4.220131922691658,3.1948886321191945,-1.0
3.9135505173710188,3.367509061055208,-1.0
4.2702358912961955,3.330928631886614,-1.0
3.9144717466167025,3.4089914572933098,-1.0
4.364633731973947,3.3471344460420984,-1.0
4.206608503552697,2.8669116773580203,-1.0
4.461847707056506,3.3472530734129387,-1.0
4.079765210510158,2.932381561396992,-1.0
4.471029224783461,3.2698110876561683,-1.0
4.2600263295453376,2.862877836778059,-1.0
4.617932193646236,2.526454055926623,-1.0
4.288029872572603,2.8792388593315112,-1.0
4.490756380081304,2.9951167638145435,-1.0
4.466878726721361,2.6910061096730034,-1.0
4.681141213022434,2.72388662544078,-1.0
4.733458347838731,2.7699911084382975,-1.0
4.572793504433557,2.3692151618298274,-1.0
4.855664631495534,2.702656580130476,-1.0
4.38167441707857,2.2631160183530383,-1.0
4.572390773258125,2.5155903508869955,-1.0
4.99586774835325,2.8197530982375554,-1.0
4.481812599461961,2.3022314001140485,-1.0
4.526970409643408,2.6119237066050873,-1.0
4.950455290350412,2.3056556253426685,-1.0
4.77368430222343,2.3079754086732414,-1.0
4.742992583457636,2.2330530057683937,-1.0
4.7618923893928775,2.2882241802246903,-1.0
4.9728811035731395,1.9902346454837019,-1.0
4.932215406701127,2.1858404029231178,-1.0
4.915238270980851,1.8168409077641234,-1.0
5.02621775559592,2.124386140106517,-1.0
4.836205019462876,1.8469045719037873,-1.0
5.006893184531641,0.9069035118871601,-1.0
5.095392949626813,2.027479787795271,-1.0
5.3056768727815475,1.7854805774847946,-1.0
4.817104722496445,1.810532909034313,-1.0
5.541903043297678,1.560091654114648,-1.0
4.863743450715772,1.4057806322316158,-1.0
4.965600460533041,1.5988573961668235,-1.0
4.996281040087197,1.2481848433263294,-1.0
5.4386124783090075,1.4408295216536509,-1.0
5.365209299193172,1.1053841903134862,-1.0
5.192810327375458,1.1997652198115902,-1.0
5.313044508492738,1.368228409074561,-1.0
5.286795368958757,1.2512139261589343,-1.0
5.068098140011806,1.3894923541298028,-1.0
5.562456859030185,0.829599981795515,-1.0
5.398202119580768,1.0374088432552764,-1.0
5.951391003468071,0.690110042050656,-1.0
5.261507050657215,0.5902717690105916,-1.0
5.4511466258707015,1.0373200416350863,-1.0
5.399580650233933,0.7087784784080534,-1.0
5.196947236380296,1.067048855889933,-1.0
5.550810553448656,0.7151795113015573,-1.0
5.371741544882006,0.46482379173452937,-1.0
5.717762307318493,0.6947050127029929,-1.0
5.743737972038402,0.18982273199689598,-1.0
5.18687043711651,0.05192785190588817,-1.0
5.607896282720082,0.008995069960737678,-1.0
5.5334840415449005,0.36586168948928643,-1.0
5.124212285664629,0.5124892602675537,-1.0
5.763363488050795,0.7782364763761012,-1.0
5.486200097553306,0.20723333212524625,-1.0
5.290298774936243,0.28740990006526485,-1.0
5.598222406968705,0.31373074935208006,-1.0
5.427333855957921,0.4326387940393774,-1.0
5.3708953557100205,-0.026388406705363708,-1.0
5.3089659900272865,-0.2787817534137148,-1.0
5.527716743481331,-0.33665969143336605,-1.0
5.844511936608056,0.11542187958436961,-1.0
5.41225334692011,-0.17768398179377703,-1.0
5.504877217249294,-0.5292618102196637,-1.0
5.451501308851781,-0.2716207667732996,-1.0
5.572344805194934,-0.2993783321863371,-1.0
5.546090019153653,-0.7078116871798942,-1.0
5.465327162544915,-0.725261472719271,-1.0
5.33157089843308,-0.1853787415883959,-1.0
5.485672739622778,-0.5989164160170151,-1.0
5.375968111949186,-1.0489901446291838,-1.0
5.605627407496758,-0.8293165596484668,-1.0
5.363311163346434,-1.2501718600024878,-1.0
5.5268825606112095,-0.8902301478891109,-1.0
5.538959618055271,-0.8294189555596325,-1.0
5.670264507527809,-1.1599066232906157,-1.0
5.5171888739776564,-0.9292821867191255,-1.0
5.600456249801957,-1.3605524581662105,-1.0
5.523956632725395,-1.3164378843440536,-1.0
5.486243598796411,-0.8241511809981424,-1.0
5.1450429485432885,-1.2355419543928867,-1.0
5.439802298910748,-1.358559484800182,-1.0
6.006084675475706,-1.3726500142607656,-1.0
5.338072780566863,-1.9701679487125663,-1.0
5.657897396528166,-2.0061569567962634,-1.0
5.35624530580829,-1.5163360859378907,-1.0
5.258637231880314,-1.8055373714411243,-1.0
5.256791839256103,-1.872501626370784,-1.0
5.2469968284268305,-1.4962564792509956,-1.0
5.170264779528019,-1.9447352483482203,-1.0
5.523304845694327,-1.7830026626902793,-1.0
5.072379247572327,-2.324184289357534,-1.0
5.117183598240648,-2.0839853463452362,-1.0
5.2181355600703965,-2.1659119827888325,-1.0
5.2501280624866915,-2.2234010826018644,-1.0
5.080882556425294,-2.165481945910086,-1.0
5.282895549138231,-2.3764529662054295,-1.0
5.396718931184873,-2.2442578014022807,-1.0
5.48538989347837,-2.4343167858322,-1.0
5.038453538602695,-2.3183009038875744,-1.0
5.02589079723851,-2.312206620959873,-1.0
5.066099313171227,-2.8367010772213126,-1.0
4.930246456172048,-2.437080481509975,-1.0
4.826182158936745,-2.6719702920291013,-1.0
5.195860067520902,-2.6217694767765414,-1.0
4.656351990635884,-2.7830898481040345,-1.0
5.347449633966655,-3.3416039473892782,-1.0
4.938079932156574,-2.775521138495174,-1.0
4.669945998757297,-2.91409478558906,-1.0
5.2204249745904105,-2.6491633170869253,-1.0
5.061399405343238,-3.3968554847723187,-1.0
4.9072409874434015,-3.30427361697871,-1.0
4.671511315091881,-3.1918124144493767,-1.0
4.768755842237523,-3.3918005466946175,-1.0
4.744772396606289,-3.3394984676048476,-1.0
4.856291674786561,-3.334849272775587,-1.0
4.435199280941242,-3.700520223421893,-1.0
4.652379492815891,-3.604013976189303,-1.0
4.3526340332024755,-3.694419214984094,-1.0
4.800948417519697,-3.6877725970559787,-1.0
4.760354535252959,-3.751676023871167,-1.0
4.602970125966969,-3.9473701824670764,-1.0
4.494260245534077,-3.979574433599403,-1.0
4.510579521905379,-3.518763249852512,-1.0
4.671050937302621,-3.9335091798799944,-1.0
4.240485281936834,-3.992114848010795,-1.0
4.67231010952938,-4.170244481461395,-1.0
4.130484010122908,-4.457694302277614,-1.0
4.195333385740202,-4.243266563757654,-1.0
4.364660444706013,-4.229673380494244,-1.0
4.220068443623477,-4.219730202410097,-1.0
4.508828528963892,-4.6372680282015715,-1.0
4.1948689005971795,-4.383852949174894,-1.0
4.483698834854202,-4.149892452488284,-1.0
3.736262404440335,-4.6578081660038295,-1.0
4.238737634892244,-4.4641896449914515,-1.0
3.8469811644281893,-4.149458118740434,-1.0
4.092399958201853,-4.678154661542353,-1.0
3.6630952403939494,-4.454656429932319,-1.0
3.7967208228897324,-4.971073870015009,-1.0
3.7052389784560034,-4.3548325438131466,-1.0
3.719602566895751,-5.102555534373998,-1.0
3.4805670883506723,-4.576366785460539,-1.0
3.5566960122307005,-4.332308725288425,-1.0
3.2623851168161124,-4.671631931909302,-1.0
3.7490512226608645,-4.547035254676037,-1.0
3.844090831305097,-4.56672056547926,-1.0
3.5149781811886034,-4.858882210276883,-1.0
3.5298213515765378,-4.605866618574612,-1.0
3.538790305131669,-4.850698267875921,-1.0
3.4497919970260567,-4.4346667622287965,-1.0
3.24402080446581,-5.53496583829763,-1.0
2.975267093034184,-5.188984169118742,-1.0
2.9893875701039323,-5.52097286773735,-1.0
2.933626699495302,-5.226193976456489,-1.0
3.2495839649363876,-4.903980519103419,-1.0
2.8594090022176064,-5.5876990431795,-1.0
3.049285128935341,-5.676098495141856,-1.0
3.1768162067559764,-5.382742469353862,-1.0
2.834426971061902,-5.231124938375015,-1.0
2.5907062472669597,-5.103029607329515,-1.0
2.6978815681454664,-5.487778374644973,-1.0
3.033960985125081,-5.681166132261238,-1.0
2.0498401491444977,-5.14430465872932,-1.0
2.294414529250771,-5.589785509407373,-1.0
2.8012847324307972,-5.754836555548979,-1.0
2.2240410425188264,-5.66079642126033,-1.0
2.5754769935440365,-5.527642569131992,-1.0
2.815171325135997,-5.536385770037525,-1.0
2.461060293645501,-5.673469502878329,-1.0
2.5003445526973787,-5.591952294058369,-1.0
2.3276055446373984,-5.734475959092449,-1.0
1.9165187211700532,-5.734435048108291,-1.0
1.9318312848249866,-5.6413871350331455,-1.0
2.0942201100615527,-5.67056602910334,-1.0
2.2116658850642232,-6.396754720640024,-1.0
1.8013732708382042,-5.910527200417922,-1.0
1.615226471795662,-6.020009335710815,-1.0
1.5512084820307002,-6.277676222552525,-1.0
1.6149630304469371,-6.076577778133811,-1.0
1.7524149116000882,-5.962072758407968,-1.0
1.726494818493589,-5.826815128279624,-1.0
1.6813844154780828,-6.201534098603164,-1.0
1.534525765867283,-6.355639001511394,-1.0
1.1949075426108124,-5.977678248587105,-1.0
1.0862573339916897,-6.305719314369767,-1.0
1.0086498544971598,-5.885185715498627,-1.0
1.2322928050255302,-6.165125711609652,-1.0
0.9686066202661876,-5.988276072908237,-1.0
1.1773445363813946,-6.411025363909581,-1.0
0.9240394235424695,-6.232999112642511,-1.0
1.0223921610990199,-6.283543043561449,-1.0
1.0529169790310768,-6.179315586602771,-1.0
0.6179271355375865,-6.151261907895898,-1.0
0.6597441341618986,-5.892132462677338,-1.0
0.9628589394113587,-6.157568323490747,-1.0
0.7161427542694341,-6.079079505635228,-1.0
0.16098516302026844,-6.2164585119598765,-1.0
0.41238992350553916,-6.274205091120288,-1.0
0.2501940590172685,-6.219419813960358,-1.0
0.46448338305625425,-6.552124304963461,-1.0
0.3644063701527367,-6.511009656506733,-1.0
0.37924819369473484,-6.284959153282471,-1.0
0.4489652305795985,-6.333297051472159,-1.0
-0.13865936761068423,-6.343521825001034,-1.0
0.3499539474679496,-5.974057456648484,-1.0
