x1,x2,y
2.0763793335002725,-2.0682100478417067,-1.0
-2.117569468606356,-2.713218523932955,-1.0
1.207387182896013,1.9325092762364222,-1.0
2.892687402020381,2.1492475590116555,1.0
-0.9464068359864314,-4.482394070386927,1.0
-3.690024497881991,1.5415455253783006,-1.0
0.7932016008086495,2.9838777605605995,1.0
0.20677403433946193,-4.60675053510156,1.0
-2.252489916222767,1.3405849767002878,1.0
1.3247251197400414,-2.221312867471224,-1.0
-2.3646359567421777,6.128907375177751,1.0
0.9921685625067204,2.8206146104834415,1.0
3.862646878569387,-1.4099502656444254,1.0
-0.16984192711432372,1.599672462140989,-1.0
-4.120776184697459,0.8669769156659121,-1.0
2.0793762907615694,-1.862001513049319,-1.0
2.154208616900413,0.4555563439561807,-1.0
-2.1296232865463125,0.562121094307578,1.0
5.667971862471859,0.10985310105161641,-1.0
-5.079699458546321,-2.097206424453829,1.0
0.07306744797046577,1.7988415717685469,-1.0
0.4700306421999626,-1.4859597605957868,1.0
2.426296464978107,-4.074380573054047,1.0
-3.13330392634588,-1.97580172192745,-1.0
0.057489359049042454,-3.3378868628340532,-1.0
0.7111744209626492,-3.872845472909449,1.0
-2.0543708905720175,1.792981045656152,1.0
-0.744042180436816,0.5584669332485682,-1.0
0.31664039686711026,-1.3241749970338565,1.0
2.8209398322893486,-0.6778737386296327,-1.0
0.3071919764698956,-3.0153562209852565,-1.0
-2.391702000177371,0.5359532633972157,1.0
-0.09772723815401929,1.9502649162446557,-1.0
0.3437258538928777,4.782323923146876,-1.0
-2.4700438372376117,1.2592119179093424,1.0
-0.8453949644276404,0.8133863691195997,-1.0
-4.688476416510658,3.487074757875099,1.0
0.908586237001969,1.761386743075047,-1.0
-5.23870045451263,-0.07853641927400598,1.0
4.417947955508627,-3.936436208885221,-1.0
-5.399830156996158,1.4759402694950121,1.0
0.7773563494420209,2.019220508635449,-1.0
1.8951659040043096,-2.3469608489930556,-1.0
-3.5434627777279553,-0.44214248717536486,-1.0
2.3514589847188563,-0.49801164994805663,-1.0
0.7076587465106169,1.4201800101533788,-1.0
1.879652490094669,4.854314744442193,-1.0
0.3554692754517901,3.125298349004496,1.0
1.3742449285908933,1.5186852175862873,-1.0
5.160694186104244,-3.4210665400867644,-1.0
5.4808956752195455,0.4473438535633607,-1.0
0.37203473866591835,-3.175348888755506,-1.0
-0.8232531401321089,-1.7441385564778389,1.0
-0.7392472772403805,-4.409681390171362,1.0
2.5569848055723137,2.176677498865076,1.0
0.19891414328545604,3.0883109490960643,1.0
0.2902440436724094,4.954949176584938,-1.0
-5.421720915644404,1.6732457487325176,1.0
-4.98783153377719,-1.2923566215424442,1.0
5.818876169638724,-1.1009465595060313,-1.0
0.21597567704348292,4.795379561368273,-1.0
2.065736041596026,-4.003036376786333,1.0
-1.142848853322392,-2.955989174410328,-1.0
2.738443273122241,-3.4236185023094667,1.0
0.18365246765805915,-4.666889837289398,1.0
3.0661318173206733,-5.125866228998596,-1.0
-2.4225077201164797,1.2760502884496132,1.0
0.13943501472730788,-1.4499873267579633,1.0
-3.6467263056187154,1.6845203811483866,-1.0
-0.8557687504765301,0.8819233322407215,-1.0
-0.46211972812450197,1.5880395001272631,-1.0
4.926835943659268,2.629257397449564,-1.0
-1.7620404247315558,-2.693511574078963,-1.0
3.5288038296616246,3.903334690043353,-1.0
-2.0988026535936504,1.8270946811533757,1.0
0.9544223907000817,-2.6304274599497073,-1.0
-2.5742559407883534,-2.4482903110535656,-1.0
-4.725078848844171,2.279111641862804,1.0
2.450710926829582,-3.75033447104881,1.0
0.5219489332126727,-1.0835867693847343,1.0
1.0874872982632864,2.7707434313478165,1.0
0.37535272423385085,-1.3192231267587544,1.0
-3.9669650253383146,0.18343287303394418,-1.0
-2.1047267968675065,-1.155807698566217,1.0
-1.0707579992763232,2.4616671757390005,1.0
-4.026157641541597,-0.4868438685631689,-1.0
-2.51716070621997,5.777951735103439,1.0
0.704799403974149,3.024813115021118,1.0
-1.127291896330162,-1.5435288014223252,1.0
3.70201195306552,1.3314859221526978,1.0
5.406995496004284,0.8756870003507414,-1.0
1.5838181963947464,4.531825524873292,-1.0
-0.3895683318575328,-1.5409567350681161,1.0
3.4531911653035747,-2.376370354635384,1.0
-0.01757374042257223,-1.6115307319229226,1.0
-0.06281780762693631,3.0612857670092284,1.0
-2.434408953557811,1.0021367125579275,1.0
-1.9838593568832206,5.63902833104134,1.0
-2.061412137572542,-0.6833191835817611,1.0
0.17998267062016382,-1.6010814214249118,1.0
0.5835684256203915,-0.41336708149049356,1.0
2.3967742814876027,-0.9256291920116776,-1.0
3.5545264551582205,-4.742863933867713,-1.0
-3.3734261667113152,2.113091302225376,-1.0
3.557731147629393,3.7037360847249126,-1.0
1.005609111894458,1.57128939146794,-1.0
0.6790824376924955,1.4903465436789627,-1.0
-3.731616863359831,-3.6081151720806406,1.0
1.291590191694447,4.631235095459073,-1.0
2.5358667477108914,-0.5229658253254169,-1.0
-0.20486367098030542,3.079550300945564,1.0
3.1519870663730427,-2.568532223396045,1.0
-1.4982310590983756,-1.1436598962326825,1.0
-2.2862628693883242,0.16836322387095012,1.0
4.460403366598158,-3.605686804278873,-1.0
4.485369111117035,2.8357868200628698,-1.0
1.7440418595928244,-4.095955943078077,1.0
-2.023969207615505,-0.8324780917183405,1.0
5.030677691468895,-2.547118393745261,-1.0
1.914014785179436,1.456655193149607,-1.0
0.11307581119037739,-1.5271345698360705,1.0
5.203882733133115,0.4770699359970203,-1.0
5.237809399453926,1.061052493412052,-1.0
-3.346176390585681,-1.9989750252640297,-1.0
-3.0256202696400765,2.933426131513871,-1.0
4.175831543135756,2.800057980614967,-1.0
1.3590253115748299,-6.154964300905737,-1.0
-1.877220400128874,-0.6193705356658281,1.0
-3.308044027500877,-1.8675885340779907,-1.0
4.362171876304447,3.2983326857653457,-1.0
-2.1103147097172994,-1.0748357464422909,1.0
-0.6889068248382729,-1.4245189523063673,1.0
0.40379344077234003,4.710786176749212,-1.0
5.339408079155887,-2.192299539555975,-1.0
-1.1881456447291552,0.5226040004011583,-1.0
-5.109310669217559,-2.037494992421636,1.0
-2.581014204372087,-4.16177318586368,1.0
0.21863843307658903,4.755148303872757,-1.0
-2.6865166919823755,0.18263990465652769,1.0
2.0661671349998376,-4.234642608254631,1.0
-1.898384730597776,1.4269059252983467,1.0
2.47147967907436,2.8778279758515626,1.0
-4.731293515222247,2.735981536118641,1.0
-3.6446088449932232,-0.42582551155593645,-1.0
-1.2119355730579984,0.9263547660475664,-1.0
-2.9101802150254894,5.124195822808333,1.0
4.525346933080914,2.917674909016488,-1.0
-0.7298799131169467,-1.4710930828504747,1.0
-4.35585465686857,-2.7594375468136794,1.0
5.317919231355019,0.5596303755191477,-1.0
-1.8371028854577462,-3.1000296616822385,-1.0
0.23153476829978786,-3.184122637394719,-1.0
-4.019630356993571,1.4681998077510463,-1.0
0.7628030329539462,-0.8909797528566891,1.0
1.5928005847191742,1.2428747949920007,-1.0
-0.5468461370930359,4.348541836996839,-1.0
-0.3305507889415551,4.603948327224594,-1.0
-0.9961938522237622,1.128554589456069,-1.0
-1.8765072285854763,-0.9177354582401184,1.0
-1.9863089663857414,2.24634353493114,1.0
-0.8741339559442302,-3.218251697402066,-1.0
2.6644408230948993,3.913924179137865,-1.0
3.929714077979837,0.13578500771621524,1.0
2.2497239822233364,0.4013543732401206,-1.0
3.517220554470608,0.43273992347137336,1.0
-2.593863180136264,-4.266431634348527,1.0
-1.355956641859564,2.574713333569179,1.0
-2.15454057982106,1.0147909932508774,1.0
-3.489828084823362,2.267168726909386,-1.0
4.097397211859491,-0.4531317696086835,1.0
1.523386577825917,-4.267644162239459,1.0
3.0333474137467658,1.8332132401625882,1.0
-2.0948671326893176,1.54913860956533,1.0
-2.1618593727117683,0.15813173503640876,1.0
-1.688529856994878,2.2497464261831133,1.0
3.485241913161741,-2.5396435964693196,1.0
-2.1764160673863238,-0.29091195547998805,1.0
0.676834551314381,-0.9093046065367628,1.0
2.406401742764718,-1.3180193962849072,-1.0
-0.6737301800892342,0.4589556240024525,-1.0
-1.7093172135183905,5.710960960681251,1.0
-2.4901280795915546,-2.5222996042001986,-1.0
-1.9431058521383915,-0.3972982461356868,1.0
2.229806775691171,-0.43219356992189223,-1.0
1.3428224432601905,-0.5711723115794581,1.0
-1.9803351519520507,2.1295926476363896,1.0
1.8429696891267466,-4.155221892360051,1.0
0.35090930182185004,-1.2972919597436545,1.0
2.2056382688375105,0.9992127054774915,-1.0
1.6359875328940905,1.6072799223160315,-1.0
-0.6177578862014929,-1.3757633165944974,1.0
-1.9293018773498467,2.240596671541549,1.0
1.9028125340242077,2.824947493052959,1.0
-1.8959143815041883,5.425736325937138,1.0
-2.3926763233162203,-0.6676227085287947,1.0
-0.4856734096183984,1.3455725454643295,-1.0
-0.5114700422056719,1.0031806498102562,-1.0
3.1011549130302605,1.5033624679035884,1.0
-1.0033723327661717,-1.545076440276616,1.0
3.806281324839894,-2.0906744547398457,1.0
0.9169342215316196,3.7807492090624746,1.0
-0.7863958993299213,0.6971563800837606,-1.0
1.5678652866889353,-2.3057588750542353,-1.0
2.222823024283331,-4.219395184433541,1.0
1.1265984510960285,-0.5352797175574732,1.0
1.522674666051895,1.2629530067845587,-1.0
1.7298178725574305,-4.495848731295025,1.0
1.3638900354741648,1.479532718543276,-1.0
3.7026098199471087,-2.255641289314638,1.0
-3.9272436168041622,-3.2888493155318255,1.0
0.9224993851267975,4.873465953475713,-1.0
0.6827096597920579,4.511782767120336,-1.0
-3.8296286243580124,2.1486544908100753,-1.0
2.421645043371683,2.8264560672882304,1.0
-2.821799195575551,-2.1447045305400136,-1.0
0.012466937410721718,-1.3944783850998528,1.0
0.017950764654030255,3.3103671836824153,1.0
-0.7488683473427763,1.0499758593571247,-1.0
-1.2792284776662743,2.5365146366339224,1.0
-1.139504906822237,-1.1554444374854926,1.0
-2.5013865846277556,-0.7608629631406644,1.0
2.579893753845747,-1.0988393554911464,-1.0
0.6111866928121021,-1.4048524508097646,1.0
-0.5272983284930316,6.382139541055465,1.0
0.6646585905969029,-1.2357559972448362,1.0
-0.17690967127949314,3.266501423380368,1.0
-1.7935699599963613,3.9329505870636017,-1.0
4.692341616161377,2.4530592546042884,-1.0
-1.499616699449565,2.172197120873232,1.0
5.0033724064805005,-2.6278824521773556,-1.0
1.1498096256120154,-0.7034018509422091,1.0
4.401461275571797,-0.7123468072208071,1.0
-3.9506997346379404,-3.1292551905584665,1.0
0.7072097493920765,-4.46975069907234,1.0
2.453885447289795,0.24274060208482942,-1.0
-1.089649703745341,4.375504718878258,-1.0
1.1752486336994896,3.2005465791025633,1.0
-3.9000440226982525,-0.14210941242744457,-1.0
-0.9313068892047798,1.0240179213149796,-1.0
-0.5098690824674579,6.145249557322319,1.0
-1.186011517522297,4.388474563282758,-1.0
-2.6424866222273837,3.400303416386622,-1.0
3.7704708938445273,3.0717854496561525,-1.0
0.5059951271126985,1.6091039406691598,-1.0
5.250340071398668,-2.734250863157688,-1.0
-0.8097692040561575,1.1964567946063425,-1.0
-0.9097281990190488,1.0463142159902408,-1.0
-0.9905360908400244,1.0878041509312826,-1.0
-2.0662963995429187,4.00228391110745,-1.0
-0.20886524097955417,1.3481007533886125,-1.0
-1.1013614593105605,0.5277615411131639,-1.0
-3.768598517204709,-1.8290262005841147,-1.0
-0.6342998692868635,-1.5753563983584027,1.0
3.273213937209771,3.7918463275286025,-1.0
2.482678717473827,2.315432163663671,1.0
2.0682037272735116,0.60236606637652,-1.0
-0.9780679778237862,-4.668259231915276,1.0
-1.560945876368963,-1.2295674536583192,1.0
3.763654711313974,-2.53967650205601,1.0
-2.226968312893784,1.51343433800246,1.0
-0.7759707965733482,0.7528041789938813,-1.0
-1.4515932794634894,-1.6903661702957935,1.0
-1.7456709915529536,4.2583842211917675,-1.0
-1.9234481813602635,-0.9145713351461464,1.0
1.9134550560020187,-4.456138450495732,1.0
-0.7514538304237969,0.9761689165764522,-1.0
5.450465448273252,-1.1441849212854724,-1.0
5.080932118500234,1.1649692551013644,-1.0
0.4653492693305822,1.716052209761469,-1.0
-2.445762580373669,-0.16825616544229793,1.0
1.8637566921306532,0.8621292194782374,-1.0
0.4302208331504877,-3.2966679200677977,-1.0
2.0238689431920065,0.8662251296488261,-1.0
0.49368180461903677,-4.45738759439781,1.0
-1.0582292193634868,2.8301351528420122,1.0
2.202661299814074,-1.459267743340457,-1.0
-1.2313545362571237,1.9173028558975476,1.0
-5.386373264142956,1.4103953767380686,1.0
-2.0303797573825837,1.617502970266074,1.0
-0.9788202131308751,4.782582656413765,-1.0
-5.396736827250752,0.6339439360915357,1.0
1.4866771191462593,3.0377909199265214,1.0
2.126143318834375,3.0518963975140134,1.0
2.4600907270276693,-0.9614742935021652,-1.0
2.1144930240969506,2.548812765840472,1.0
-0.6749063659676812,0.5008564088277135,-1.0
-2.562218407239386,1.1441117842592066,1.0
1.7608590841005394,4.531394484591812,-1.0
-1.6306413171340666,2.1950753900411146,1.0
4.031587771782664,-4.5757178323455925,-1.0
0.4842694174437505,-3.0367584692127556,-1.0
-1.905705872192352,-0.8437095182196259,1.0
-2.180490350649705,-0.6855173401680703,1.0
-5.06173507503576,2.4106490619410548,1.0
-0.14192202735069726,-6.262103361103625,-1.0
4.1438166879621265,-1.3029991681544792,1.0
5.295646599726319,-0.9850944647506966,-1.0
-0.8328456863515363,-1.5377197338619355,1.0
-1.0996632087556217,0.582255897648796,-1.0
3.8653929749172353,-0.2629925300533106,1.0
1.2729622511990135,1.8809129217159548,-1.0
-1.8208403052212396,5.6923924846104175,1.0
-0.03201825097078421,-4.834904696588536,1.0
-1.9741413302763084,3.923753506975641,-1.0
3.904685440044406,-1.3828212897611276,1.0
-2.183945340147889,-2.737169971571242,-1.0
3.944966870977696,-1.7030886325095542,1.0
1.1441246118705695,4.296583407610279,-1.0
-3.042877786785627,-1.977007335113714,-1.0
0.47131743105941376,-1.523837688117477,1.0
1.0889275130140872,1.6551896238785067,-1.0
-2.2892998361075163,-4.214899939336318,1.0
-5.3851191624240204,-0.961735766533247,1.0
-0.22512236162960556,-2.9868731382223626,-1.0
-3.672281732978487,2.033066383109621,-1.0
0.8342183630088948,-4.685721631637462,1.0
0.6055237589797293,-1.3933687162460269,1.0
-2.3672777275822923,-4.559106796570948,1.0
2.701856424341208,2.402533989921503,1.0
4.090271694220636,3.1910510188890453,-1.0
2.048157118509256,-2.0766540465816306,-1.0
0.7587769625724112,-2.9513901407228667,-1.0
1.7117646463256837,-2.162800794603544,-1.0
5.454889484119128,-1.7389290074468007,-1.0
-0.29648904610820376,-4.711014541671739,1.0
2.1710252312338034,2.907201662809501,1.0
-2.0102870401631465,-4.098429679004871,1.0
-1.5857058593384443,-2.805165033065438,-1.0
4.229735306257571,-1.2041155220071942,1.0
-2.177335056776586,1.5093345526579043,1.0
0.5856372628323675,-0.48715268565157444,1.0
1.3441270455428835,2.933453223506988,1.0
3.3546295720979478,3.759978312577419,-1.0
-0.8974802135240031,-1.6352211488860307,1.0
-2.0584830540191734,2.4165391013802884,1.0
-4.04821313082697,-1.1821538316726676,-1.0
-1.8678186437359745,-2.4833410239435,-1.0
-0.10958987766807818,1.4720831392310778,-1.0
0.5925492194810893,1.549449594106404,-1.0
0.5851804471593826,4.349013337208587,-1.0
2.845883360209172,-0.6333760304848554,-1.0
0.11550006539398965,-3.0645117898262866,-1.0
0.6508602287332174,1.9643060425316685,-1.0
4.233932629811768,2.4589052824796744,-1.0
-1.049096406547938,6.196912977674737,1.0
-3.4222788309330836,2.6086450982402445,-1.0
5.179942574773527,1.788546495810421,-1.0
-3.768057320830326,-0.6104831466773881,-1.0
3.7920570207355317,0.5237612574195954,1.0
3.48680570432402,1.282006743169008,1.0
-1.6985307186732317,-1.5596771633333368,1.0
-2.94269263601974,-1.8414892660660382,-1.0
-0.2999119591979338,-1.4937867091905475,1.0
-1.7557450466523534,-3.398020527619793,-1.0
-2.975573804616714,-1.9243747760241872,-1.0
0.9384510429385542,-6.536256860291757,-1.0
2.223304252597893,-0.5547274290063637,-1.0
0.6741908340207419,1.6526609908952772,-1.0
2.4598662766391177,0.19585709484490943,-1.0
-3.725040482864983,4.164772176023166,1.0
-4.486100072311765,-2.62479282045869,1.0
-1.6295654371500259,-1.2143832208266203,1.0
-5.031211368675261,-1.535753090938763,1.0
0.5074621064948532,-1.1740372070000529,1.0
2.3454261198671063,-5.863925053456528,-1.0
-0.5926636340116263,1.1393364219504942,-1.0
4.151665868259074,-1.6217818741813772,1.0
-5.471677133898503,0.5007529718941681,1.0
-5.307832208692092,-0.820875421353892,1.0
1.7173707647503726,1.258276102850683,-1.0
-3.4618548817363175,2.8660701936895228,-1.0
-2.5290502739017673,-2.530377158395,-1.0
-3.718305771325612,0.26778228992058184,-1.0
-0.6258612478666901,-1.5918945499982373,1.0
5.013374877022259,1.9099774178559277,-1.0
0.21703728577210407,-1.5349238905967555,1.0
2.5293927983624975,-4.2435391160738485,1.0
2.2245609077387622,-1.132665248951112,-1.0
1.132941879535164,-4.270720794151934,1.0
-2.122588993609725,1.742561449790969,1.0
-5.2443303931738114,-0.7225631773379442,1.0
-2.8350757975598766,-1.9156410652900835,-1.0
2.2823227378736632,2.4855721927976338,1.0
5.396339145151056,-0.09728252629738446,-1.0
-3.8664590436701434,4.8250857512809775,1.0
2.870134744959076,-3.9927707819541465,1.0
-2.434101562742539,4.228003873955301,-1.0
-2.060866000761034,1.2360077411252424,1.0
3.098650912332921,1.6849913018563405,1.0
-1.8626759711634637,-0.7606776556594477,1.0
0.936960216685605,2.78644214775084,1.0
-1.7869558973899224,2.120724361836079,1.0
-4.105847011881906,4.0265544810454985,1.0
2.0953817478280587,0.7178254834701481,-1.0
0.8091182626503737,1.617103836652281,-1.0
5.302182222852284,-0.3471843745824768,-1.0
-2.646238755075789,5.251082672431079,1.0
-0.9291882646466991,6.240405023316162,1.0
3.4940073515423333,1.7628891892288165,1.0
2.376182603019939,-0.8039258721312501,-1.0
-3.91559929347773,-0.5994758158028776,-1.0
4.334202403211009,-4.110918963482509,-1.0
-2.5720656199359224,-0.2760776145753349,1.0
-1.1476786618815802,-1.684062503447405,1.0
3.7083910347745483,-1.4185217623888562,1.0
-4.945024546405972,-1.9254888400911807,1.0
-0.06602597295994145,-3.2007517215191,-1.0
-1.4730442057891426,2.5605464831076112,1.0
2.8135025167942995,-5.164892108979017,-1.0
-0.2345772032546139,3.226628314484351,1.0
-0.6191085184102002,1.0866805608417762,-1.0
2.303155601720823,0.14864309428160488,-1.0
-1.0302267492262096,-4.31732920398126,1.0
-0.6272064868345536,1.5580339075602514,-1.0
-1.346565924807285,-3.111742261882452,-1.0
1.5476729610635023,2.802066911133322,1.0
0.18346896772973376,-1.6654423887036833,1.0
0.8241501689789598,4.664802041246241,-1.0
2.2809279720738704,-0.7004148406480877,-1.0
0.14531722824294988,-4.616726688900892,1.0
2.3967584505555575,2.303635334182492,1.0
-3.726818668485021,-1.1768012919974784,-1.0
-2.1737156589540914,1.531367756737621,1.0
2.5621458837699125,-1.4018034252236435,-1.0
-0.46187966912703426,-3.2608052820520967,-1.0
-3.906949864942101,0.7279223031854773,-1.0
-4.073939415678746,3.710351249878556,1.0
-4.051412676432448,-0.38247348906321665,-1.0
1.91612245866071,-2.0522232157217295,-1.0
-0.6124107091519032,-3.321871376396737,-1.0
1.702495343549359,-0.3310838369713035,-1.0
-1.8570946519158633,-4.491848495131088,1.0
-0.1186054935483219,1.5760423851819743,-1.0
1.6464166498065491,2.918242211345829,1.0
5.232157165296199,-2.4325531448177946,-1.0
-1.4542457456482762,-1.077431456260396,1.0
2.639576929801112,-0.6200604635801421,-1.0
1.0613828285754319,4.860347818771055,-1.0
-0.8881389218915984,-2.6867697462429416,-1.0
-5.442402464838524,1.1513445836938787,1.0
2.5659604639712543,-0.7264574439743752,-1.0
2.9333631345812727,-3.3997468753551767,1.0
1.3926982380500599,3.0101208261021353,1.0
-2.160450305545393,3.4780375762384916,-1.0
3.1196162243304424,4.209068411872695,-1.0
4.752758049464358,1.5855595217485874,-1.0
-0.086001639971233,-6.363860332256082,-1.0
3.19527141059921,-2.851538498550088,1.0
2.095893616056552,0.8446845667667057,-1.0
0.977939838645775,-1.1177776978211917,1.0
3.462928951431974,1.7663564785854644,1.0
-1.7684749864965257,-4.654060181848374,1.0
-1.433424169863402,6.026550611692856,1.0
-0.5614876448800519,1.4414286703890906,-1.0
5.384515099685171,-0.028121268311260324,-1.0
1.1522428033487924,-2.620657570340271,-1.0
2.2522469012579207,-0.16334225774671257,-1.0
3.766023318586641,-0.4165820292528951,1.0
-5.019583272364923,-2.2125897050543286,1.0
1.0559528527283397,-6.33169092393077,-1.0
2.574829645646562,2.1225642369308217,1.0
3.8278929522231624,-0.9335196608405123,1.0
-0.02712715577817776,1.553256583060362,-1.0
-2.139822844931691,0.35559144320275754,1.0
-0.31715797488991015,1.1181936558038932,-1.0
-0.656974685439313,0.8353710512381172,-1.0
2.8404962837980667,-3.181644159071936,1.0
2.145080073750609,0.509755432355745,-1.0
-4.248972544340443,-0.27914469818702037,-1.0
1.8393836778510306,1.1145489055381403,-1.0
-2.0882661141802323,-0.11402883133653738,1.0
0.05512581331868106,3.3232314385569,1.0
5.275467868632392,-2.082978684934438,-1.0
3.964369346554774,0.010267342811484188,1.0
-0.8183813506330783,2.9992753864884776,1.0
-3.673266032173677,-3.6219158934181417,1.0
-3.068869329094268,4.65022884058667,1.0
3.564562914100294,1.6201844098110176,1.0
3.4011882235081172,1.005169603754764,1.0
2.2039730526826364,0.4650459436153864,-1.0
4.315620520199411,-4.080465193071241,-1.0
0.5964605198544017,4.6299864223662786,-1.0
1.222495088002346,4.7661115193761106,-1.0
-1.9507124524317734,-1.1600403056474642,1.0
1.42829220855487,2.813050600502882,1.0
2.6486783699369107,-0.5704678363525522,-1.0
3.7695849187487362,3.1747514339066503,-1.0
1.099786869657906,-6.087121113428253,-1.0
2.177849400196238,-1.332117887343527,-1.0
-3.694936818222619,-1.2737561720539186,-1.0
-2.359950285626519,0.5227170150527015,1.0
0.4737786643098838,1.6430185270843012,-1.0
4.27225536943091,-1.5788264011755553,1.0
4.511351761915515,-3.0574659034174414,-1.0
-3.5280435595948907,-1.3733921621119072,-1.0
-3.7769844315127896,-0.5453250446817994,-1.0
-3.1932955796200457,3.077141494782376,-1.0
4.780135637914466,1.3147285167036413,-1.0
-1.390971456253947,-4.852841008353422,1.0
3.1984368793718065,3.4881523926968314,-1.0
2.0311632048751305,0.8693863387711632,-1.0
-0.8414780288825812,-1.7377267539764616,1.0
2.8848102616332443,4.810647296103942,-1.0
-1.3970620673631744,-1.4218156475701382,1.0
1.454522050001168,-2.331802838880591,-1.0
-4.967996042471557,-0.9336735495448584,1.0
-1.5117724346019739,3.9096195092553074,-1.0
3.3023560359056536,1.8943542334687795,1.0
4.207017980610486,-4.121195876144889,-1.0
-0.6352483220656635,-1.6512819833773378,1.0
1.3983991499946211,-2.9884848140230758,-1.0
-0.7538267231331036,0.9487864321575473,-1.0
5.369332397146412,-1.1032776649777523,-1.0
-5.170834839060839,-0.4390456713390986,1.0
2.5449888624233172,-5.401047234518714,-1.0
1.5993578927975458,0.8397411494351549,-1.0
-1.2491794611892897,2.513393853044911,1.0
-1.8249379955489369,-0.531701089284337,1.0
-3.5975859568137847,2.1828499958588603,-1.0
-0.968426362371876,-4.9470539400492095,1.0
1.042412904452088,-2.6057159737550553,-1.0
-4.574256974203099,-2.627795563162684,1.0
1.491345823786533,-2.254590132438283,-1.0
-0.4192078381828957,1.1987168770564356,-1.0
3.896649226388964,-1.582492723347566,1.0
2.9274611264235864,2.212229468489112,1.0
-2.3879774631827853,-2.4121503820567485,-1.0
1.2208323568477635,-2.611356518021785,-1.0
3.2221227244076034,2.0083705552072932,1.0
-0.34240207414101215,2.923626684384036,1.0
-0.5143976515995446,1.9033386690833798,-1.0
0.014042006400486223,6.124650376252413,1.0
1.6221374258589514,1.145850405256334,-1.0
-1.2010632435534567,-1.2603686264133505,1.0
-4.946351932307044,-1.6963114500764136,1.0
0.4585373099978396,-6.2007774644924085,-1.0
-3.5302496836221176,-3.7776346447559424,1.0
-3.3022624803930496,-4.011105838411579,1.0
4.114427504310889,-0.3642610636470857,1.0
0.49289361803537224,-2.98980727091876,-1.0
-0.7098149258890192,4.429710642288828,-1.0
-1.6947538389097678,2.576459503571839,1.0
3.458462821884216,-1.9773102049084845,1.0
-2.483450875345915,3.859600644881254,-1.0
0.38390970726935364,-3.0085829722698025,-1.0
-1.5075824032172307,-2.947815536976821,-1.0
-0.7491365403316015,1.0516562746223863,-1.0
3.059730577031045,-3.585403193463811,1.0
1.0566046443589814,-0.37090541621336715,1.0
-2.3862654966121952,-4.500777487279979,1.0
2.6872219919236646,-3.89385126508087,1.0
3.1557302861784313,-4.729422890211388,-1.0
-1.6470473779883184,1.9284889517392516,1.0
3.4412560409784296,-2.924535282484899,1.0
3.7467480575324448,-0.8980691340096527,1.0
-4.085752101759716,-1.100568153504967,-1.0
-1.8940092003812015,-0.6130398687103589,1.0
0.1484492553514038,4.6792818778445495,-1.0
3.6186201247747176,-1.6113382637884175,1.0
1.063055704144958,1.4212633748660455,-1.0
1.6626396715698082,3.1235387681556555,1.0
1.2519820569920288,1.8447338451835904,-1.0
-0.18234938036529474,3.3447513129597777,1.0
-0.6130029239126173,-1.9489093093433727,1.0
-1.605652352693403,-1.2689782257420525,1.0
-1.0442926152229095,3.104231477369121,1.0
-3.1267763747189523,5.067440659869576,1.0
2.262754635886079,-3.773957328041679,1.0
0.4777181062408855,-0.5943401585797419,1.0
0.2228478564387287,-6.585261951714138,-1.0
0.4684125700193324,-4.430605247789186,1.0
-3.8313962073130488,-0.8236874299153554,-1.0
-0.6181343382765808,1.7658063924142444,-1.0
-0.8458891705906522,3.0939162832758194,1.0
0.8908537175535898,4.886255606858567,-1.0
-1.6906801802353857,-4.514138349892549,1.0
-4.831454748009931,2.9638086279282323,1.0
-2.212544151351976,4.082850305763887,-1.0
4.68895871759246,-3.177845838907788,-1.0
-1.231993199495301,-1.7707787811998867,1.0
3.753448556680816,1.7823106943261182,1.0
-2.1312545930064304,-0.3784069780443277,1.0
2.049603835615065,4.402170552290591,-1.0
-0.5714397877726034,3.0960903487321034,1.0
-4.720326174146733,-2.314026461140892,1.0
2.9719400391105864,3.9617995936738244,-1.0
-2.235267443232546,-2.256849041336202,-1.0
1.934281799914781,-2.0463469705028894,-1.0
4.342419370585074,-3.7462084522856207,-1.0
-0.41339425494470566,3.1559326249341315,1.0
-2.2161435508928764,1.7866433377293207,1.0
3.05865631881275,4.283247714174961,-1.0
5.546829206658505,0.5862532920067957,-1.0
2.2619726860454974,-3.5790419203186747,1.0
-0.584836959386333,1.3435048092687085,-1.0
0.6021764123143267,3.10576317900832,1.0
-2.295374695910315,0.9296244844433121,1.0
-1.689088594135465,-0.8974313088690729,1.0
1.0637874389755213,-2.380762992290673,-1.0
2.3469949871185487,0.0004735489227327555,-1.0
3.6385221720221175,-2.1314220348045056,1.0
2.460648916112537,1.9865193075531227,1.0
-1.2855292642607212,5.84806420580626,1.0
3.7883291275671316,0.867623567708731,1.0
-1.0524259318043125,1.3924272139970715,-1.0
5.102521003387661,-2.7228285446992473,-1.0
-0.9807952828815804,5.880188948439517,1.0
1.8670688169943312,2.970869221377815,1.0
-5.223892218628369,-1.5704907566380912,1.0
5.030861634017625,-3.3492565993523478,-1.0
2.3195056875097446,0.8974409703368184,-1.0
3.5072792113105815,-2.3276798694076235,1.0
-0.7523978229033759,-1.80433800383208,1.0
-0.8569704531683403,-1.8692786716945258,1.0
-2.6828780523367235,-2.451103392111708,-1.0
-1.7909190366686727,-0.7164826375596374,1.0
1.1858168680507775,1.6157731381693958,-1.0
4.276877968348579,2.9701662883127695,-1.0
1.0509731045963564,-0.6139042490698191,1.0
0.9861173412288696,-2.8027116763038857,-1.0
-3.8959813231745986,-0.4128745622277609,-1.0
5.471246416072895,1.7557874462697485,-1.0
3.8901378190580616,1.1437772529456744,1.0
0.054412535027449825,-1.362393812229033,1.0
-3.1421669500344906,-3.9824781307454447,1.0
1.068603095659289,-6.233737256857788,-1.0
-0.30276780013298465,-3.264087015828982,-1.0
-0.6697839179530687,2.7839350736017714,1.0
3.765793791524061,3.4539016393302946,-1.0
-2.3360412740196423,-4.3177405866727625,1.0
0.9102948518794934,-2.924474296209564,-1.0
5.002703266585875,-1.9339375799375353,-1.0
3.386611899003957,-4.550712099521716,-1.0
-2.7142144332140155,-4.237789145453701,1.0
-5.387397390368041,2.0042540702011724,1.0
0.9721729476625692,-1.1732207295223653,1.0
3.412738569011934,-1.9448900404431577,1.0
0.5981682246774721,-6.301234845348833,-1.0
-2.4797201641218294,0.18379581004537146,1.0
-1.5700854575385401,2.641995120025074,1.0
3.105580551719539,1.4653080815211759,1.0
3.0720961836965075,-3.1847246423323443,1.0
-1.5370209711272713,4.497101508026781,-1.0
-1.7981091255687311,-2.9769785271211275,-1.0
0.5450862869363761,-1.3781490827447394,1.0
-2.4292621471638096,-0.4556680430865184,1.0
1.000789148760994,-0.9058763243717409,1.0
1.0372734393766665,-0.5060430727802924,1.0
5.572428424065462,0.3570548516445832,-1.0
0.6099405804354647,-0.671884839386255,1.0
-2.478382507633704,0.44558640708464525,1.0
3.7955848835778885,-1.8602231902799293,1.0
-1.6722003475238647,-2.710508523198819,-1.0
2.6665898780444093,4.311265669900195,-1.0
-3.5318535581050603,-0.3708204149834564,-1.0
-1.4624358779072553,-0.7877078549987995,1.0
0.32520525295304475,1.6124266665653058,-1.0
2.0776650945584407,4.780360808676439,-1.0
-2.426027907226746,0.6201993796554266,1.0
2.9289939746803544,1.901872757460744,1.0
-2.7297221310313717,-2.4626507969008173,-1.0
-3.6247617611674463,-1.6287875991331824,-1.0
4.5799276362093435,2.508106752470217,-1.0
-0.9222814490286363,0.6646141496281844,-1.0
2.292267823389001,-0.10144305824080446,-1.0
-4.071404096363496,-3.5061980033682554,1.0
-0.7776708292579839,-3.149076630322274,-1.0
-0.7887307523401327,-4.555336986164567,1.0
3.2835426620212425,4.016146388195977,-1.0
3.397045138908898,1.2886068135961672,1.0
-0.0933575544383981,-1.38555164105242,1.0
-2.3994096070925486,-2.8332956386565034,-1.0
-1.996181306078453,-2.767357179924406,-1.0
5.575965420602772,-1.457210184307652,-1.0
0.4469547097356408,4.927511997242138,-1.0
-1.9957512336251941,-0.31622523136758857,1.0
0.609962498384969,3.5408210267379703,1.0
3.3675084142945844,-3.133393776768722,1.0
1.0484463463175204,-3.1028445014935464,-1.0
3.303619954557374,-5.299861810519404,-1.0
-0.7161179280442825,6.165177148273155,1.0
4.814763293857948,2.480276302840118,-1.0
-3.218650668913698,-2.1307887262748224,-1.0
-5.260901875751809,-0.028312537427344527,1.0
1.6381293029540378,-2.0075397335189336,-1.0
0.05502607790089513,-1.5935809491067432,1.0
-0.7887134363511877,4.310609368713228,-1.0
0.7898449138601595,3.247069883745744,1.0
-0.3208467051765671,-1.2882471379077776,1.0
3.368070139107368,-2.5773424740078754,1.0
0.49714561980790745,-4.738986889199765,1.0
1.9653186328933456,-5.795279976192439,-1.0
1.0523924862001888,-2.5888013034634416,-1.0
1.1442667521033763,-2.8252607408536594,-1.0
-2.421073661257446,-1.071715680931096,1.0
-0.39482432427476943,-1.654116122842189,1.0
2.1405936570020674,-0.30537015523717603,-1.0
-0.3336720795264921,5.072281683395749,-1.0
5.559621905229038,0.9275457317486322,-1.0
2.613275976393106,2.5742677357876182,1.0
-3.9004152966388874,-2.7446809740232267,1.0
-0.9723246228004322,-1.734912419421726,1.0
-5.205694909187707,2.426848568846715,1.0
5.197696590392132,-2.5852664071645393,-1.0
-3.0239953005788527,-1.6446041129620814,-1.0
-0.11637611131593303,-4.5682883767981455,1.0
-2.0633881095992117,2.026027738781329,1.0
0.9200900640222067,-6.35882129296454,-1.0
-2.1661201860141914,-0.6674510984786937,1.0
1.831099203877724,-2.4383677795767955,-1.0
4.1376394564421854,3.351317461138342,-1.0
-3.0041050191349767,-4.113582496784395,1.0
1.00074487390108,-0.6655871637428263,1.0
-1.9894329848444117,4.562996962846565,-1.0
-3.040587710054119,5.083592738758455,1.0
-3.397642859465629,-1.8565108442051002,-1.0
1.7877496647421227,-2.706038876298144,-1.0
-0.24824276462601474,4.554672302578513,-1.0
-2.307181400869732,-0.15859071174395672,1.0
-2.9371053369521327,3.1816148643698114,-1.0
-0.3191862002829359,6.1549002432397195,1.0
-1.9648391213675844,1.5149287325928245,1.0
5.327125285678054,1.5936377302424318,-1.0
3.567278757003539,1.1060292170863437,1.0
-3.593746020195696,4.699388827074497,1.0
-5.407069034139212,1.8435066614588365,1.0
3.746141307346457,-4.914199776054952,-1.0
2.165981500521983,-1.1754489253465328,-1.0
3.5476617829128214,1.3793487974999765,1.0
-1.8876603442254414,-4.5276714052608025,1.0
-0.43657409697492855,-1.771078453361521,1.0
-4.784269272636478,-2.301313733648673,1.0
3.1458361082388615,3.9670265969031595,-1.0
5.294252162925195,-1.55197248564802,-1.0
-0.654582214419707,-1.5036450685985299,1.0
-3.318567496793425,-1.132074405791729,-1.0
-3.689757616103494,1.4470069309578177,-1.0
2.1740107682246674,-0.26188954741772985,-1.0
-1.4914397992375932,-3.217459663180805,-1.0
-4.370094817802284,4.073908964637727,1.0
5.6443137015598355,-0.2753052098149287,-1.0
-1.1116701277508652,-4.483531253982346,1.0
-0.8740582955499799,-2.945511920318763,-1.0
-5.391381566431709,-1.3787952123906235,1.0
-2.854863296695168,-3.988739157035161,1.0
3.4115614135867176,1.9433610197971045,1.0
-5.4710690300570155,2.4319454484106795,1.0
2.8250338565234956,-3.9704027594596494,1.0
0.8838686705285581,-0.30983313908466725,1.0
0.8045359550873833,-0.8500456663690901,1.0
-2.1038032213562925,1.8334322607196267,1.0
1.9704985335597178,-3.616321767551932,1.0
-3.173062781327411,-3.713721140409031,1.0
-3.1291116730571553,5.160977602778983,1.0
1.320471551360654,4.4126970590075665,-1.0
-3.6840569613034546,-3.543919340045978,1.0
0.6860338086306935,1.75096275223201,-1.0
-3.4336039813562267,2.574960368175703,-1.0
-3.100595632407896,-3.8697024412054666,1.0
0.3163331965686471,4.769356301727238,-1.0
-2.7272764998152246,3.6045880110500357,-1.0
1.3008213812852139,-2.8881823911370486,-1.0
-2.4216400560755593,-0.02115834132837762,1.0
1.240207033305147,-4.062276194919233,1.0
0.833296090297427,-0.6040764081605727,1.0
2.147569493966829,0.8840782460831054,-1.0
-2.1242663391478196,-0.9571783479294607,1.0
2.184596393089138,-5.500675436891643,-1.0
2.083283575634647,-1.320880353906504,-1.0
2.3532836564957877,-0.09983621498860466,-1.0
-0.7794863866438946,0.435219397748479,-1.0
-0.4757730262746716,1.5739629535929625,-1.0
0.7525344283024198,-0.9940641598791039,1.0
-4.7781800086998,3.6886154655794,1.0
3.8007255763325882,-2.7733922534239612,1.0
-0.865479721933359,-3.125734141332149,-1.0
1.9792064952936865,-1.7077721007879727,-1.0
-4.317590481649646,-2.6921242111241575,1.0
-2.273362375038584,-4.382808799747204,1.0
-3.7960676313314066,0.167784007363819,-1.0
0.5490338360573939,2.8483312456483785,1.0
-0.4408186716551054,1.095262347040694,-1.0
4.708800486304782,-3.609208275144692,-1.0
1.5438783629141777,1.4718496387320166,-1.0
-1.7599359096120168,-1.1991554610315354,1.0
-3.4595574276444547,5.025908458577957,1.0
2.382167213873336,-0.9334753024324198,-1.0
1.1519182908035404,-2.651355579809944,-1.0
-2.2748062571495304,3.899130698848868,-1.0
-5.507278971389073,1.0559931873200128,1.0
3.992103638953151,-1.4983637777929815,1.0
-1.0044237644252387,-1.610906719123793,1.0
-4.174722090672381,4.127149206311773,1.0
5.529854842332732,-1.8661261149376918,-1.0
-2.4484181338240685,3.7105166666070906,-1.0
5.596919998414462,0.35310866504734373,-1.0
0.29266547706541607,-6.249099211938409,-1.0
2.5731284946978645,0.565362587459998,-1.0
2.4925703505688426,4.1563782440089705,-1.0
-0.7337580214420074,1.3632782050080874,-1.0
0.33565200992087324,-1.6968378345971642,1.0
-1.3285966815310857,5.952775627075225,1.0
-2.217585641087923,-2.6151321057514334,-1.0
-0.5116097751616733,1.317190055994779,-1.0
-5.014785788012684,2.8597762867221546,1.0
-3.216239330715953,-3.233590578958621,1.0
2.8496295188434626,-5.408778956753764,-1.0
-2.061347609950398,-2.527624354293518,-1.0
2.6383847842120924,-0.7603451112708579,-1.0
-1.4566592831728509,4.116649165602612,-1.0
-2.397451885861246,-4.183178593529753,1.0
-1.1300512123550555,-1.729430747644177,1.0
-2.876570464034675,3.27887758403913,-1.0
-3.1844710951836848,4.9284174665264615,1.0
0.9205229567781388,1.8825782855234734,-1.0
0.907208857945474,-0.6994679118507152,1.0
0.3247373724858188,3.121260237730406,1.0
-2.4315363154706096,0.028951855764181134,1.0
-0.7430334660289584,-3.0715042677396065,-1.0
1.0063868909212301,1.78736145501857,-1.0
0.21026333356072663,-1.2334528264224514,1.0
0.42932837076330443,-1.0395813554767273,1.0
3.7625474472795397,0.2180171899731873,1.0
-5.039400193511487,-0.9232869674009976,1.0
3.9382125735124482,-0.3006677427786615,1.0
5.510876917092157,-2.4556966350917397,-1.0
1.9085123725557451,-1.4010291753319826,-1.0
-0.1391652984122973,-1.5515033257630297,1.0
-2.2488260940497407,1.0475642524461541,1.0
-3.6634673581776735,1.3619438674355893,-1.0
4.081686428747315,0.4867560955429669,1.0
3.6092915998938486,1.320417869180049,1.0
1.5281641644905788,-2.647631223809446,-1.0
-3.848639144262039,0.9980891542710493,-1.0
2.6810993029268633,-1.2139596822477152,-1.0
2.332214865591094,0.13282306398682037,-1.0
0.46512089741890594,6.165525502703304,1.0
2.559314083089424,-0.8741753703445506,-1.0
5.642007849647599,-0.6104976085127509,-1.0
-1.5028440324834076,-2.9273017791924585,-1.0
3.929897197748205,-0.1957062951574789,1.0
-0.8722034767487925,-5.085668257157378,1.0
-1.5553346355390594,-0.9333188175447842,1.0
-3.399235082984685,5.08453275417281,1.0
-0.7587279193751523,0.8577750766425063,-1.0
-4.992429862131219,-1.8263819505337766,1.0
-3.5218340653049105,1.8977484292281586,-1.0
-3.2511170621698007,-1.8109289761701948,-1.0
2.3630353542436273,-1.4459476933252835,-1.0
-1.4612046839668753,-4.7142905759813285,1.0
1.7425431698359506,1.0976577046339375,-1.0
3.628992322244812,-3.151255460397454,1.0
-3.6317104410958665,1.7298259906729632,-1.0
5.2873053411774285,-1.911877892026287,-1.0
0.7769659225793119,-4.798126614777551,1.0
1.5428088189067442,-2.565562718592434,-1.0
-2.311234303641444,-2.5842897167250034,-1.0
0.6899504196565291,-2.6513004500576764,-1.0
-0.6961284522444497,2.7190335869371456,1.0
-0.9937146431087391,-1.2533913428532848,1.0
2.1764061345027335,2.4539347628570556,1.0
-4.956371603820883,3.0837369803275325,1.0
0.7757449562211287,-1.65799341523241,1.0
2.7911472191310893,-5.254949518045935,-1.0
-0.485315602104264,0.9254719508360887,-1.0
3.822937404822612,0.38963668978051524,1.0
-4.969679343137854,-1.6914569987713644,1.0
1.093273934168416,-4.7425386700132695,1.0
2.8056875347690378,-2.860885030064629,1.0
-2.549775922209902,-0.12204664938921121,1.0
0.904250225567454,-2.2760543064209715,-1.0
-0.21816377853075014,1.461645820286825,-1.0
1.3689009541019035,1.8176481816706553,-1.0
-0.45538611565341475,-4.53138074212934,1.0
-2.0156205609773474,-1.018751007104638,1.0
4.115920018789449,-0.6121157700537732,1.0
-0.3340871603273318,-1.622861492758233,1.0
-2.7762335245116936,-4.193150559429524,1.0
-0.8885893538367311,-1.6504729829356783,1.0
1.1682789340546547,3.2841453700263843,1.0
1.5002844454366393,3.366331629986569,1.0
2.294992608356964,-3.6384857401951005,1.0
2.348689889860351,-1.290193821163214,-1.0
0.29415186448330644,-6.240159117890625,-1.0
-0.6335710848789639,0.9917152059883497,-1.0
4.900561749420138,-2.949064750259396,-1.0
-3.685838620777128,-0.9212166738447226,-1.0
-0.30591691002618854,-3.247966057493007,-1.0
-5.574606417749961,-0.25606449780720986,1.0
3.8953753209586828,3.6912529390625526,-1.0
3.476156307807008,-2.244037392465693,1.0
0.6795714299208475,-4.810550983205926,1.0
-0.5231970656999678,-1.6394548060375407,1.0
-2.0086181949875614,-0.8379389581196691,1.0
-2.6718954955615857,0.07597913566433429,1.0
4.643505568304106,-3.5304311880995307,-1.0
-0.013375561504271653,1.511477217530743,-1.0
0.9961820208519848,1.7132157044575844,-1.0
-3.1052638711105494,3.054005199403823,-1.0
-1.0215255553021196,2.9236305088365975,1.0
0.3658394171000843,1.7417410288206079,-1.0
-3.1510757400657776,-1.6496242251432005,-1.0
1.5525088468653012,3.5319219972419935,1.0
2.066898969948621,0.30948459540822076,-1.0
-2.5488607114457684,-3.679991393337587,1.0
3.6748897232260247,-1.6868291657207548,1.0
-0.37461733647681195,1.1724956936241286,-1.0
2.644816220508936,-0.5359442490761551,-1.0
-0.6724040665285137,4.596016872529299,-1.0
0.8573629914389292,-1.0566170569682494,1.0
-1.8322030842132226,-1.3015112137048346,1.0
2.8471891368141313,4.0163513198464145,-1.0
-3.1356040812124193,2.8675418185806767,-1.0
2.3275780370287174,-0.9995263637338709,-1.0
-4.995452431946485,2.91908952915262,1.0
1.6769699367037134,1.657650773960315,-1.0
-0.1718428241679923,1.5237565854012352,-1.0
-0.3965697588811664,1.3043664915847006,-1.0
-2.1902616672440045,-3.1751063946079228,-1.0
-0.9969053058241041,-1.7064011097717793,1.0
-0.49065953272308177,3.330665934011277,1.0
-0.46899625186211186,1.3821541328212,-1.0
0.1349275552727572,1.587989100319159,-1.0
-4.068270126725769,-0.232171076761477,-1.0
-0.48826650028993634,1.3266250833069924,-1.0
-0.4569565540996878,-1.3739485730400098,1.0
-2.8147381864477996,-2.4336304099864097,-1.0
2.281333770922445,3.0912584887638,1.0
-3.9223939546865227,1.0861572465962674,-1.0
1.6233027019983337,4.791876826220619,-1.0
-0.10347567781858458,-3.113487863819199,-1.0
0.5194413203638979,-0.45282254993281273,1.0
1.013788298138954,-5.768297878536377,-1.0
-2.7638539822854677,-3.837253010492664,1.0
1.5068187088183025,1.2143355900646722,-1.0
-0.39221239468250607,1.7092898699599237,-1.0
-5.545573703750176,0.9092711493736031,1.0
-3.3696184564781078,2.4111665456866826,-1.0
-1.30128894553353,4.339041685481101,-1.0
3.664101444408098,0.42976745584452686,1.0
-0.2540159107689183,3.493979648573874,1.0
2.6311282441033597,4.012878277838949,-1.0
0.974905870257611,-1.0657698209805715,1.0
-1.0558632689988137,4.657347027655154,-1.0
1.615962576892285,1.2026406049925524,-1.0
0.2500771394905262,1.484594206694714,-1.0
1.8033120479913565,-4.068024608660749,1.0
-0.6681144793491607,-3.0859525350259256,-1.0
-4.973290190935266,-2.2354631274947234,1.0
-3.081573733984108,-1.9120366181456863,-1.0
1.4987433745497305,4.562505154330294,-1.0
3.108213219432069,-3.3975235003858364,1.0
2.4390381233201532,-1.9096775822681624,-1.0
2.406775844480467,-1.1261427864875064,-1.0
0.8645418946197938,-1.2289418410359298,1.0
-1.399529552650218,-1.4982957391534104,1.0
0.4825044469798132,-6.493770144465336,-1.0
3.3430027875038912,-4.940098163246471,-1.0
4.78892759762166,2.3636911873979147,-1.0
1.3479189915150287,3.079441848261526,1.0
1.1556348608130431,4.448733201721682,-1.0
-3.076776394891104,4.951824281456805,1.0
4.004045452873433,-0.8942601287588229,1.0
-2.046767930222094,-0.8874894249692202,1.0
-2.654124764561645,5.583282632626766,1.0
-1.4601406461857582,2.799832601734913,1.0
-1.6649561366982484,2.33200739588323,1.0
0.5450046146176935,1.8935268172925968,-1.0
0.008830552564483646,1.514717109383659,-1.0
-4.466056459216281,-2.476687251292942,1.0
1.2357174147536534,-2.6532787042392645,-1.0
0.8804158996872935,-0.5812220835609347,1.0
-0.1732553885771415,2.8775614354473285,1.0
-3.8021924660472575,0.36459310781256477,-1.0
5.098792957501588,-2.193827264864932,-1.0
-0.8991803554761053,0.31500569590048044,-1.0
-0.42074025262804304,-1.6404773252204359,1.0
3.7564598510854394,-4.310406714798833,-1.0
3.5633431264518456,-2.1932758125564202,1.0
-5.312557960204399,1.9852703021550733,1.0
-1.3406355077219483,5.719319571736851,1.0
1.2446359946377155,-0.7137481451082951,1.0
1.112556448267887,-0.3917643338129592,1.0
-0.16657112241082608,1.729006635792247,-1.0
0.408536878193015,-1.2299186111002463,1.0
-0.23152317730222696,1.497069008854992,-1.0
5.49061159830243,0.6706224524183799,-1.0
-2.3509236357484595,-0.10862982469550327,1.0
-2.2610120683632497,-0.04400046898182071,1.0
-4.0451218512877425,-3.2933323273835575,1.0
-4.38749466331619,3.3169146239871212,1.0
-5.084000876526422,2.1793372037201144,1.0
3.8609297576408506,0.5352985143667368,1.0
-4.6596645780182335,-2.1900932972188083,1.0
-1.221427820423563,-3.5288653384704185,-1.0
0.8983224258667584,1.6002449691386051,-1.0
1.3860854557637063,-4.711469487263153,1.0
-2.1559077639292386,-0.48402230491155096,1.0
5.384807615437304,0.5017772143399472,-1.0
-4.527123669345402,-2.530079029067001,1.0
-1.3007740194690731,5.765526922592481,1.0
0.6986118439451252,-1.2955905140536097,1.0
0.5182577680041136,-0.6170819073357957,1.0
3.668211382007084,0.2273646987303825,1.0
0.8090691722832111,-0.5475669302870737,1.0
-2.1159332207286345,-0.5920954626942301,1.0
3.612061188708925,-1.9776612876356126,1.0
4.05303143016899,3.1670920781144103,-1.0
3.6378396999759004,-1.5412073546510212,1.0
-0.14203859172258335,1.3345127509681856,-1.0
0.4576334649523417,-1.1796197791514158,1.0
3.0686365206828516,-3.322479104979558,1.0
-3.4368494076975744,5.032387040968097,1.0
-1.083020356308289,2.807174858509535,1.0
-3.6638002549926036,1.8378323481856058,-1.0
5.0283091724168845,-3.649573330569514,-1.0
-5.170228667658094,2.58215050521946,1.0
-0.5114049779323424,0.7029954887515957,-1.0
0.6480388599926472,1.8575788520735053,-1.0
-1.685166761021454,4.395048171791534,-1.0
1.077486134092785,-2.1934535075545987,-1.0
-2.478206994115286,3.6418576747365714,-1.0
1.6443997860260071,4.550360526325098,-1.0
-0.16987853983579126,-1.6557308890185949,1.0
-2.6580385193362464,-2.2042029008202717,-1.0
0.34761535489497,-4.526884245718816,1.0
-0.6738905976662604,-1.8115457640443597,1.0
-1.8060593283748847,4.427346597706295,-1.0
1.7467744139130204,-5.758557961640888,-1.0
-2.4027174168096863,3.361428053654007,-1.0
-3.172121288885256,-1.9065118096653964,-1.0
2.3244344286154317,-1.5961214844275133,-1.0
-4.180931919285709,3.7725633066529585,1.0
2.2079968784083577,-4.101325168112883,1.0
-2.4542051104285703,3.712940084201576,-1.0
3.924330930311502,-1.541306907965798,1.0
-1.0999790161794532,-3.4822832202153773,-1.0
-4.733432759930015,3.3172902494208176,1.0
2.510617733181561,2.0273577695206804,1.0
-2.5736472476875276,0.48728561460580966,1.0
-2.737686267638331,1.1176180420812898,1.0
0.8695494547621898,4.59626620239017,-1.0
3.4068790442156014,-5.229270190731052,-1.0
-4.045357124291133,0.5104272094810075,-1.0
1.8340882869779698,-2.123982548467038,-1.0
-2.1656533343054054,5.025083876713593,1.0
-1.6563953129967086,-2.749465500069686,-1.0
1.5555632832070818,3.0033883267536123,1.0
2.2381769570304573,-0.4523297008948731,-1.0
0.6657404518148738,-1.659023201320898,1.0
-0.09218192810569942,1.2005174864965646,-1.0
0.764693789256674,-0.8665143915203798,1.0
2.0638196234340316,-1.7588847098822449,-1.0
5.454398201506196,-0.7092218384958072,-1.0
-1.038204970365995,2.802936446730308,1.0
0.500967011557214,1.443561477355219,-1.0
5.402668975759725,-2.033228570688168,-1.0
-0.8876133241056277,2.8465166216384303,1.0
2.377124115406382,-0.5485747665154492,-1.0
-0.1859041194176395,-1.8004072840035796,1.0
-4.378210244373547,3.3603258540149388,1.0
-2.9162265224658643,-4.090279250102567,1.0
1.9985983823547175,4.684705797463869,-1.0
-4.976750993862025,1.99089441688885,1.0
-2.131686382819234,5.8112970488057245,1.0
-5.277388485039445,2.4417550191559614,1.0
-1.7352767335421089,4.269892194198758,-1.0
-2.061495072869613,0.9248423880311986,1.0
3.4258660669572376,1.6806203314089507,1.0
3.8038104245177826,-2.0461792823777523,1.0
0.007122623755542984,6.254475235749369,1.0
-5.6025430005929335,-0.7690961523269862,1.0
0.717018107376275,-1.125083405689565,1.0
0.4835342366309154,4.585857067274798,-1.0
4.920384943622273,2.0364447842678635,-1.0
3.408040319446579,1.5726284955087435,1.0
-0.9637792194675433,0.6572302201455413,-1.0
3.77279268037804,0.8169681323416487,1.0
1.6489891186161563,1.3787102856373217,-1.0
3.6743323379492034,-4.694717018752355,-1.0
-3.2893683204394404,3.007274071709602,-1.0
1.7575313405230673,-2.025430272026984,-1.0
2.1693883893657087,-1.3506273522214083,-1.0
-3.7667701883588345,1.2490118966648702,-1.0
1.7390809013421582,-2.4553082648126026,-1.0
-2.6699872107683835,-4.122341484645246,1.0
-0.7773801821984759,4.49163160426901,-1.0
0.5588725041803191,-1.221981163776098,1.0
4.141371505286906,-1.0010194792126121,1.0
-3.541542670319539,1.3296093724588507,-1.0
5.473572579726256,0.3331913737496515,-1.0
0.3563982029653491,-1.1693658839378633,1.0
2.297789033574134,-0.6504581486696762,-1.0
-2.041065469137071,-3.008471691576414,-1.0
0.7450263048991091,-0.5755140757852644,1.0
-0.8786873666593987,-3.1706714401434986,-1.0
-2.3227394068269898,-2.4657319667250186,-1.0
-5.125846130130691,-1.3314521024134636,1.0
-3.937405289439622,-0.9780681294522355,-1.0
-0.28645788467302324,1.598186278501237,-1.0
-1.5170686270671265,-2.7361053572692446,-1.0
-5.526891390173385,0.36263104686796954,1.0
-0.3687308580547797,3.1706143118762125,1.0
-0.09047142869132496,2.9447172353470834,1.0
-2.257921244388058,-0.05234600174396872,1.0
-0.24736727837649752,1.3345861861276194,-1.0
-0.9500188217421259,2.9258153782526812,1.0
-0.9730464983611348,4.608045003372715,-1.0
-2.5640501423075417,0.7014350142728182,1.0
0.9682118148171368,-2.8231145031533016,-1.0
-0.6926612289870769,-4.690966835662487,1.0
0.8590334164096182,-0.7627418196107721,1.0
-0.014275738303066832,-3.068404390843996,-1.0
3.006650525373169,-2.538899132234097,1.0
4.621891690990515,2.0455823017701977,-1.0
-2.571371884089204,3.0808715180076,-1.0
-2.984915820256031,-4.200936621722932,1.0
3.600715808633475,-4.6604627398238305,-1.0
-3.8413091533565904,4.391313618976429,1.0
1.094693759357888,-0.6721623484263781,1.0
-3.6864908831471066,-0.898873224288117,-1.0
-5.586732279364284,0.9904218352822463,1.0
-0.11357198546994446,-1.690137055489782,1.0
3.5277607609225714,1.269221180676191,1.0
3.938606088877551,-1.063070612491782,1.0
-1.3474851057681487,2.3928274469383943,1.0
-3.3746340129394534,2.92937196085837,-1.0
-4.565789097596985,3.1990684566992127,1.0
2.70135643061981,-5.055009155003324,-1.0
-2.1568861812694937,0.5441971783295085,1.0
-3.222988060107823,2.443045724344334,-1.0
-0.725171427771633,-3.2022712878731,-1.0
5.420852845279211,-0.27547176455637934,-1.0
-3.8416552831276127,1.8752333723846055,-1.0
-1.392401447126617,-4.73568053781099,1.0
2.315263746305608,-1.2871980442398743,-1.0
3.1562454150670733,1.8626453798572664,1.0
-2.4882204055484354,-0.4764324969922218,1.0
-0.7183275249270471,-3.37501086775942,-1.0
-4.7321307019007985,-2.827264734904123,1.0
5.473178825291432,-1.302383446408757,-1.0
1.25239724852102,1.395586094213923,-1.0
1.6964647041015055,1.2730010042134339,-1.0
-5.366298754059615,-1.5041988743304802,1.0
2.884042799206846,2.4173213351226086,1.0
-0.6755873715072764,-1.5293779450980856,1.0
-2.7523004943370952,-2.250452418672861,-1.0
-0.37623656363607444,-1.2488045169030009,1.0
-3.9733566120046837,-2.834828845053099,1.0
4.785074020329075,2.2868069895254006,-1.0
-1.4458993336769557,-2.742631500292248,-1.0
0.011696411958539897,-1.4878033651762794,1.0
3.49149227650483,3.7575116421812322,-1.0
-5.3798671856184805,1.02917020060175,1.0
-4.343216650965233,0.7922001800674604,-1.0
4.741758687444116,2.2936701761604197,-1.0
1.8885184829896802,2.9225879545666946,1.0
3.9185380858267016,-1.2088480701907454,1.0
-5.5584902635650675,-0.10362911123590726,1.0
-3.7023367412457704,0.7495710294632438,-1.0
3.74926671368637,-5.047327517538394,-1.0
5.067097801566026,-2.5098602832996506,-1.0
-5.202602464077846,2.303630162787085,1.0
-1.4839289624417358,2.186212954331327,1.0
-2.595483854423665,1.051248685890402,1.0
-0.04247164422703387,1.781478813646311,-1.0
-1.0312155578087325,-1.4204096546640264,1.0
-0.8979567530428526,-1.7703324243800258,1.0
-0.3003282090737027,1.3494234581609879,-1.0
1.3710321000835526,1.651509671295755,-1.0
0.1653891221079061,4.68214498243823,-1.0
-0.40449469161941654,1.1394543228097571,-1.0
3.7762643572194374,-2.066030450562133,1.0
-0.932992036725391,-1.6130284089101123,1.0
-1.6012999874182117,-4.456199879965185,1.0
1.4909189471803426,2.955183755354257,1.0
0.3808710904727515,-1.3467387710845922,1.0
-3.8829307281313192,1.0096124966540456,-1.0
1.8928398382969087,0.5773016628129377,-1.0
-4.293017988715562,-2.7916483916523585,1.0
-2.632650138855079,5.6335519956667675,1.0
-3.0952305224875456,2.3898971288183546,-1.0
-1.0454089159510713,2.470133575421809,1.0
1.9713322851154744,2.5727816862287964,1.0
-0.17599258789733158,-1.7233394080102107,1.0
-0.8160163587113486,-3.108468718773374,-1.0
-1.1371516155504469,-1.6186589867428718,1.0
1.667757761138298,2.936332679269508,1.0
-3.2414691393229504,-2.3674589848221776,-1.0
-3.5750873872298015,1.021558986736907,-1.0
-4.742758943033508,-2.0098897159119566,1.0
-1.394712109001056,-3.3327713880383234,-1.0
-0.6670504876228315,2.996796141341919,1.0
3.983588079833236,-0.4241462420767743,1.0
-3.784840041857085,0.4882086482080089,-1.0
-0.18909795675404886,1.437113225183229,-1.0
-2.024203226574991,-1.1402563989919237,1.0
-3.4042876618235507,4.878814174522991,1.0
0.004997899009446249,-1.4493619389037953,1.0
-2.5029251479392483,0.42548473073094584,1.0
-0.21113028800089267,-1.4617601140753653,1.0
3.8608153911918177,0.9043109391970843,1.0
3.4121727243933266,1.5921570750289624,1.0
-0.5008453393106351,1.306806753160028,-1.0
1.1307608448964233,1.5833808320838767,-1.0
2.6592988866680907,-3.547761580671904,1.0
-5.24892975795431,-1.0705223480908932,1.0
-0.02299364667840413,-2.781875559513092,-1.0
1.3580006062020797,-4.712686437099273,1.0
1.8133186542142181,-1.5815634391874243,-1.0
-1.8996176595099252,2.063836469508471,1.0
1.1966867684641913,-4.421730290287925,1.0
4.8714200177416815,2.049249699390164,-1.0
-4.446428255573754,-2.6109047388482143,1.0
-4.980317664183605,-2.8540727033305915,1.0
-1.6954515275295994,2.346641759346303,1.0
0.11712721420099254,4.6276381547520575,-1.0
3.9917657394209614,3.1876852718923905,-1.0
-4.662110313899981,3.471044659591245,1.0
-2.05071470333986,-0.3251518882774064,1.0
1.601650656044497,1.5252460070542224,-1.0
3.134576455422059,-4.753741690860028,-1.0
-1.0651181177570859,-4.1918844747068285,1.0
-1.4498677690524913,-2.904670227687685,-1.0
2.4005220688960534,-0.1343947136193333,-1.0
0.2792737028904908,-2.4416261247283293,-1.0
-3.1490872710878897,3.2595957392531334,-1.0
3.061624733596706,1.8597941420733706,1.0
-1.063184003634878,1.06170844379465,-1.0
2.5998659316250228,4.509185817677822,-1.0
2.490100299849338,-4.184926679842041,1.0
1.3307205131997737,-6.071582277488128,-1.0
5.138288549931194,1.6011708571852226,-1.0
-3.0722138265926366,5.093592182022501,1.0
-2.420005012239883,1.0021422708006589,1.0
-2.288623534645657,1.3778825266512345,1.0
-1.4065145358888989,-1.5293088182478245,1.0
-1.0119525834091327,-1.4139939088148035,1.0
0.7646814710437119,1.3387852971452965,-1.0
-1.076225026737538,3.190017809661275,1.0
-5.2602232231728,-1.162736407305892,1.0
-2.7668322024797005,-4.194017941632484,1.0
3.3303454314314807,-4.8867384025724325,-1.0
3.5706961305496425,-1.126448507384497,1.0
-3.7724046258469373,0.4021625518028248,-1.0
-0.16770044109807114,1.4403910802486277,-1.0
-1.5746570658763894,-2.6967670476592627,-1.0
1.356730685797489,4.745233068102056,-1.0
0.9520145469455494,-4.565402069675943,1.0
-3.230657670397647,2.928268467491769,-1.0
-5.3943239933334635,2.2068086035744288,1.0
-0.5974249001802456,0.3171021187360724,-1.0
0.4051078403917196,1.558248465817592,-1.0
-1.8664645394299562,6.221120928999776,1.0
0.5217789095836484,4.616735379343735,-1.0
0.9415233673741008,-1.1030500274039088,1.0
-4.647714135009646,-2.681713223499672,1.0
1.0603356859519744,1.4077136581473617,-1.0
-1.6129893864253093,6.080078326221327,1.0
1.885887918965532,-1.647196865519767,-1.0
-0.3416382592613675,1.275591983110325,-1.0
0.8218321305608243,1.347634267051505,-1.0
4.887990393802883,-2.929459146312414,-1.0
2.1881100034098386,0.1965122087969748,-1.0
4.687045036766754,2.140315255120072,-1.0
-3.0350557879109856,2.950896731942943,-1.0
2.77283359922223,4.28456284086783,-1.0
-0.45462503467499193,-1.9025052500275952,1.0
-1.788476255703177,5.946363327017571,1.0
-0.026159771157560685,-1.7265033772189478,1.0
-2.440986908639606,0.32488961116729387,1.0
0.13934171729140696,2.8856266784126494,1.0
2.311424812103303,-0.8479172273318453,-1.0
-2.4472387833689924,1.4400349546196827,1.0
1.02184858005467,-0.3727075790297245,1.0
-1.0793078813396013,5.882158484024335,1.0
0.2013449714524437,3.087044265206591,1.0
4.148647696951283,-1.2572702531471098,1.0
-0.27024370979576745,-3.2878344370754986,-1.0
-2.2156705962372425,-2.3648277372938082,-1.0
-1.7160433864051439,-4.660715367441395,1.0
3.5735527664271696,0.97119388330199,1.0
-2.221766105110152,1.6403761436446738,1.0
0.5823027938417609,3.1807239270780125,1.0
0.27181625468919546,-6.002508126713505,-1.0
-1.032035366792523,0.5823467763517178,-1.0
1.714841418001354,4.570569280188112,-1.0
-3.272222870666345,-1.9725034767485004,-1.0
-1.5502869752518842,-4.7682135861936885,1.0
4.825438694530537,1.5352523369080087,-1.0
-2.3173064485403922,0.6837882121029643,1.0
-3.5255249311550445,-0.4688706782229694,-1.0
1.016628328087343,-0.3866851476414551,1.0
-3.7396380703801864,1.1636776546057734,-1.0
1.161271325690714,-2.8784938496987897,-1.0
-0.6123714674917164,1.2003053933851615,-1.0
1.2613247668454257,1.5573523242372136,-1.0
0.45751416347697704,-0.9030036624444246,1.0
1.1907528533140628,-2.6537037257985303,-1.0
-0.5387121523743043,4.578447015851452,-1.0
0.8773834802997027,-5.937426935692858,-1.0
-0.006128031914008514,-4.486778816265463,1.0
-3.301918068111254,2.7598684892168532,-1.0
-1.3398540650385922,-1.4173358497278559,1.0
-1.2562461614724914,-4.441935643938548,1.0
2.2991352050993785,0.4079804107269757,-1.0
-2.2778862290954813,1.2909756833229162,1.0
2.074848790259254,-1.6134615311673195,-1.0
-4.687202614457348,-2.9389523375117843,1.0
0.19153695044849528,1.4387152439694524,-1.0
-3.605386708853424,-0.9620521461337596,-1.0
-3.4736479036232772,2.3197753215341845,-1.0
5.93629226331679,-0.43657860507669033,-1.0
3.8282363126262866,-0.9737049851014089,1.0
1.8477527214815188,0.8291202366213829,-1.0
-5.076787979731418,3.566520612500033,1.0
3.7439922391139415,-4.497452972042632,-1.0
-0.5768095587032476,1.555708822678766,-1.0
-1.0904388586290537,-1.5647077485915617,1.0
-4.006210271225352,1.0323735028557912,-1.0
-0.8544403707485417,0.9053204354741817,-1.0
-3.2199964786461504,-3.7832260390665517,1.0
1.0866323523879333,3.3529436991728994,1.0
-1.215207148957142,2.5943893598138517,1.0
0.23167576813262802,-1.176957766973701,1.0
0.8741651135512066,-0.6754085037505392,1.0
-5.695923595024752,0.20631805100405876,1.0
3.9180259992328774,0.9529274519542494,1.0
1.1464218292469537,1.427292474543737,-1.0
-2.0995171581314906,5.883729400096909,1.0
0.7292893612537042,-0.99999648555374,1.0
-0.8732658847277537,-1.037191544572892,1.0
3.631057740311561,3.4973579874175296,-1.0
5.72115232236597,-0.828388987426582,-1.0
1.9425579185673454,-2.062866174210587,-1.0
-0.043291357225108164,1.321527945671193,-1.0
-3.6239449692523187,-0.9736395091593723,-1.0
5.3298621855989845,0.5991717554814637,-1.0
0.9477522864368213,-4.54489717926541,1.0
0.5357481460913683,-0.9592448384651753,1.0
3.0838541456675603,2.1532542924345845,1.0
2.912777714776381,-0.789527619763178,-1.0
-0.8900182612924402,2.989017744854209,1.0
-1.915002676785065,-2.9296142511614454,-1.0
0.8827816742755898,-4.546959662677185,1.0
-5.4295292245371884,0.46670287541602196,1.0
-1.0978164407357427,5.864286513746237,1.0
-1.8123161426886354,6.129237108220296,1.0
-2.7073533916581467,-4.2892475578242,1.0
1.7016139244012398,-4.2143028191299505,1.0
2.3846675958357153,0.0608217244352065,-1.0
-0.08978067992199229,-1.43508912839338,1.0
-3.3436162944087418,-3.973304379012704,1.0
-0.5421574723477162,0.9109495294240826,-1.0
-3.7920088094387303,-1.3112609638592143,-1.0
-0.976987454602319,0.5211704316341916,-1.0
3.862664981046768,0.5421239027623364,1.0
-0.8925722550457387,0.7390710888593243,-1.0
0.06536748867157775,-1.2278813539157312,1.0
-3.348556896203329,-0.5831883549129506,-1.0
5.430654657034329,0.17172077041816072,-1.0
-3.572396228571855,2.2145803855680355,-1.0
0.010512559693302559,-1.5046305316404722,1.0
0.35638139295968474,4.7776176859373995,-1.0
0.560861147494629,1.9999878688655988,-1.0
-0.12624004651449833,-1.4345240541613953,1.0
-2.6033690160802707,3.3385600954552097,-1.0
-5.083118598861811,2.3743782759904946,1.0
-2.6163625648293576,3.5368558616269965,-1.0
2.053498788029978,0.5386738236263623,-1.0
4.419965438969818,-3.1531157049862304,-1.0
2.111759998167749,-5.647041311600433,-1.0
-5.3422187678464805,-0.9336806885557078,1.0
5.054606561335111,-1.49761993222282,-1.0
0.7875157823852386,4.998609833687506,-1.0
2.68853456374066,2.2414465972174145,1.0
5.257176506985175,-1.8782196562449398,-1.0
-2.0878009294600246,-1.0550616695426795,1.0
-0.8026936652189297,0.717826443247839,-1.0
2.5290412493620194,4.558448502861167,-1.0
3.0441287970394217,4.183458328706494,-1.0
3.931497760182373,0.6951069789296499,1.0
-4.060538164989737,1.78006045047061,-1.0
0.4188779142092022,-1.2228563394430265,1.0
-3.1912692403748957,-2.3584135525730217,-1.0
0.37832731128304453,3.1985649178049553,1.0
-2.068858629257041,3.447849736587237,-1.0
0.7107250320390517,1.5398820436780294,-1.0
1.7699078081071584,1.2546084574218266,-1.0
-4.004907085004701,0.4948577945121327,-1.0
1.7556458318247197,2.9874465982933724,1.0
-1.8797722417279932,4.137817702403205,-1.0
-1.8028155872497886,2.5624284981823915,1.0
2.7301631826002875,0.42290223394327653,-1.0
4.005569773541046,-3.9198536205517187,-1.0
-1.523548800767738,2.4742096417236388,1.0
5.1301843133831,-2.3275575335437693,-1.0
1.810870949261935,-5.67849362507232,-1.0
2.6409722735498216,-3.4071139882951615,1.0
-4.1224021664938695,3.3458026916102033,1.0
-0.09659260405919826,-4.7646963242309175,1.0
-1.0510852626798686,4.967610459309781,-1.0
5.112361740764001,-3.273692251703916,-1.0
2.335455741901083,0.7600915500954175,-1.0
-1.1713858386662976,-1.193944059845398,1.0
-3.9691424483048396,0.24113544839593615,-1.0
4.447022796091696,-3.5475147303904833,-1.0
0.2982697664871471,3.2795890019510594,1.0
0.10587601701879579,1.9299637905406726,-1.0
-0.28715381174981386,1.1238627097604845,-1.0
-5.228426773013006,2.2904689537893215,1.0
-0.620751733194859,-4.532120856122943,1.0
1.6202683130318711,-5.990396540740045,-1.0
2.116172898708319,0.663058172445263,-1.0
3.793566131680124,0.4614002587886691,1.0
-3.677267817955563,-3.6878504752701233,1.0
-2.3283604064554266,-0.15327587880762444,1.0
0.5611701937486879,-3.0962873759101255,-1.0
3.9990521745500875,0.2917502416070863,1.0
-4.1376628668347655,0.018475402976250725,-1.0
-0.5284050090712838,2.88453243923873,1.0
2.3768904212416744,0.061494890090791524,-1.0
-1.858096503909382,-0.7988382934371386,1.0
2.3900655286335994,2.4897456343294335,1.0
-0.5994576746316879,2.9285269758660317,1.0
2.2625029158240744,-1.246895397004339,-1.0
1.1893453574077064,-4.233048153130108,1.0
0.17552624340089246,-1.193750828906584,1.0
1.4708799481810995,1.3320844306229902,-1.0
0.5897777447433404,-1.3502313404710031,1.0
1.7516146535409618,1.396940731605855,-1.0
3.961173681032899,-1.1750217418055353,1.0
0.8466743590883086,-3.1174872716968074,-1.0
-0.15829608798559158,3.0996210088714,1.0
2.431346514011597,-0.5599929619866663,-1.0
-5.48822140633651,1.1682490272064463,1.0
2.9027664029472424,-2.8642768935252447,1.0
-5.308088456066636,-0.479521920763167,1.0
-2.8343200545735168,5.461909488002376,1.0
0.8869918483063531,1.4366994981341783,-1.0
1.0130583770885084,-2.8319925290525463,-1.0
5.424626368121361,-0.2489304043555818,-1.0
-2.4411367949059453,0.300418827970505,1.0
-4.194351935561736,3.9865657243919097,1.0
-1.134189912625036,0.5739049163058495,-1.0
1.9426956756016798,0.9812133810792156,-1.0
-1.7161367497496836,-0.7589478284772662,1.0
-5.606623461531111,0.4495276235545488,1.0
0.6619286667899223,-0.5153469351939234,1.0
-2.4780558694687667,3.6914288513174403,-1.0
1.6222923312020845,4.630597069010899,-1.0
0.5118617070714293,-4.337172595998197,1.0
1.1120670973906328,3.061841122373562,1.0
-2.202535471010674,1.462367250645859,1.0
2.663403390518887,-0.6602616785727662,-1.0
3.1331362975639676,-2.6012607706581012,1.0
1.7683223449943586,4.762209361253115,-1.0
-1.3298614074093127,-1.4063137666923982,1.0
3.116288889518866,4.132492549173419,-1.0
-2.560927313088664,-0.2629421658637994,1.0
5.65514811970759,-0.8454546829247086,-1.0
-1.7422601432298583,-0.9458883181689842,1.0
-4.731100373967416,2.990207091467295,1.0
2.9033480977455954,2.267595943509816,1.0
-0.6156059010088035,1.1031668025988681,-1.0
0.9654615186769855,1.2216826298146375,-1.0
0.9795471277464001,1.8043299987047057,-1.0
0.40214125722748395,-1.1960572321367544,1.0
-0.1216836419012714,4.999405175531033,-1.0
-4.913491227518438,-0.7132670406336934,1.0
-0.656774382506774,4.273271938334515,-1.0
-1.3973863962976885,-4.476672381138761,1.0
0.8695240993890074,-3.1835476947129844,-1.0
-0.9100667026726218,3.0957601673838306,1.0
-1.262178500509161,2.732792934568591,1.0
4.163529750654346,3.1611994254375317,-1.0
-5.241818365881101,1.3013697992633415,1.0
-5.616315032034434,1.6261295509394054,1.0
-2.546756201257577,5.5785124165873565,1.0
-3.9881742989669036,1.3183291630183622,-1.0
0.01402559867617642,1.3789125097822266,-1.0
2.1310730918449763,0.6477542091488386,-1.0
-2.7409776947610105,1.197866127586255,1.0
-2.147659709206817,-0.16925589923096812,1.0
-3.3158933595480837,-1.4367323421337777,-1.0
-0.7519119682461908,1.1172889893653737,-1.0
2.6669679828305224,-3.438886442940167,1.0
0.02249255507204806,-3.1450726829478506,-1.0
-4.988083031893491,-1.9450078607867862,1.0
-1.6541011439656672,-4.286213656865893,1.0
-3.691884235123335,1.849327139218371,-1.0
0.4060321659360752,1.4709705108292042,-1.0
-0.8625918356723143,0.5962375841932385,-1.0
-4.203749714396928,3.905853323583355,1.0
-0.4050641001952514,-3.152514084809159,-1.0
3.2095556947187025,4.1777660078310435,-1.0
-0.45163919037539924,-1.7551551282061761,1.0
2.1361290223748735,-0.337122319155991,-1.0
-3.5712179086152793,2.6663865994806804,-1.0
4.305826267613446,-4.387888649908643,-1.0
-2.570030043835109,3.8506717903357996,-1.0
-3.978971175316472,1.6355697548244346,-1.0
0.8359059950752461,-0.9136317625440368,1.0
3.5390999045782805,3.7596761247084474,-1.0
2.2390389769943178,0.7732530213406072,-1.0
-2.367069280152163,0.7712061490748894,1.0
1.4999190621519913,3.0107736760497885,1.0
-3.9580129934776296,0.06313662096050632,-1.0
5.66650893609951,0.11340778012175134,-1.0
-0.5588914546868388,1.5640431260625618,-1.0
-4.54011153089899,3.6034056643107957,1.0
-2.182459399848425,1.0908707794806634,1.0
1.6555505273048907,-2.185451731221409,-1.0
-1.4017333984201157,-3.569057337488924,-1.0
-1.6460694077531581,4.366359454395444,-1.0
-5.58201035870964,1.3973087554781345,1.0
3.0839400515707758,-5.56167885134841,-1.0
4.126639099425426,-0.5735520240024322,1.0
-1.8934122844050565,1.1754499207622138,1.0
-4.249984059134324,-2.5175802206830524,1.0
2.50723715694712,-3.1675950036091867,1.0
3.6504817362682846,-4.709357345475604,-1.0
-4.152574220009096,4.0701964121697385,1.0
-0.8414567918664518,-3.206089376312815,-1.0
-3.59840748207287,2.109178413238052,-1.0
0.657057734412931,-0.8460569851423024,1.0
1.9214043188318137,-1.6272214214247356,-1.0
-1.420912250556481,-1.3212762790008268,1.0
1.1236307738502371,1.5968520126390724,-1.0
-1.339309597420998,2.3832400392858353,1.0
2.6926723789093185,2.1316185017439344,1.0
-3.407383765523446,-0.9971024579170559,-1.0
-0.23912058256938692,6.575669930354628,1.0
0.31132101541988266,1.630144218609213,-1.0
-1.987746328202888,2.209920955359887,1.0
-4.6233048860947745,3.6819158623419503,1.0
1.0144471760010965,-4.519474650953684,1.0
0.5828514414900123,-2.901056105139668,-1.0
-2.6080910829587687,3.209679298565814,-1.0
1.268835504592242,-4.5721474924186465,1.0
-2.8121018586552435,-2.018572984865997,-1.0
5.447608704750201,1.5138798332072148,-1.0
0.8454386570093642,2.869123898748253,1.0
0.8000108318584218,3.2965132426653225,1.0
-1.438478004249843,-1.0926118433901346,1.0
-0.30539370282065914,-1.7336556014332352,1.0
-2.887403088030489,-1.8578127593814695,-1.0
2.459797536629688,-5.5357179264114595,-1.0
-5.739236493647178,1.4020853474911963,1.0
3.884622406184653,-0.9137343089742905,1.0
-1.7952279047301,2.2082861847340833,1.0
4.0574833469851095,0.09863535988246734,1.0
2.7882770382904383,3.951425307153996,-1.0
2.601251162398598,2.5225270365639716,1.0
-5.335512815564628,0.811804678524952,1.0
2.6793507485498265,-3.320962188176387,1.0
-3.197834608500648,2.6530898814999566,-1.0
1.8061607296053053,-2.0054553472818113,-1.0
-4.9940896450972465,-1.958858554150216,1.0
0.38904031082818635,2.9641235467746743,1.0
1.711706735661598,-2.2442112588114913,-1.0
0.4351479408374774,-3.167107159199776,-1.0
2.4189760364492043,-5.269140512167871,-1.0
-0.7737413180436241,4.611178441577472,-1.0
-0.5567060404822999,1.211135107001589,-1.0
-0.27853708309101366,1.3420606205359324,-1.0
-2.3906586665548195,-0.5849136830893534,1.0
5.645832698392019,-1.1053299310249618,-1.0
4.887698724441303,2.2014705419643907,-1.0
2.0032141346808436,0.3784447984042398,-1.0
-2.1691283139691557,4.160924520485508,-1.0
5.592228870143357,0.7189695662309172,-1.0
4.950655415492285,1.9746379020855778,-1.0
-0.0837594080015831,-4.788403948696324,1.0
-4.513280434387776,-2.832959628041558,1.0
3.8647433377675786,-1.62118155564315,1.0
-1.9116322231084673,4.162673088546499,-1.0
-0.9748258505594224,-1.5752761438336103,1.0
-0.41701410470546685,-3.0726931519573633,-1.0
-1.259262797906852,4.2418163225655645,-1.0
-5.446893451339854,-0.780476148151389,1.0
0.1848912726271191,-1.6664860661322924,1.0
3.878441127794645,3.5610256608716684,-1.0
-1.6011529879062543,-4.644025066397281,1.0
-3.4895438355211557,-1.6171686126103983,-1.0
-0.07072458296898532,-1.9257877250048623,1.0
0.18717589047466437,1.6122221685293057,-1.0
2.19326307847686,0.4274964605049364,-1.0
-0.8780141781163123,1.4561744505385938,-1.0
4.305653424665929,0.08199562080861594,1.0
-0.7863583717803617,0.3977619864807338,-1.0
0.126898216397701,-1.5524521233966349,1.0
1.2150656261103074,-6.065034096599019,-1.0
3.8804804417729954,-0.14539110085815815,1.0
5.290586943562781,0.4349544351332862,-1.0
5.393993306516232,-1.6352646109919553,-1.0
1.0619928796974984,-0.806947221663555,1.0
5.4323866293844825,1.5549653185885495,-1.0
1.7155774466961522,-4.27774803288097,1.0
-4.031490878603609,4.7649835492954935,1.0
1.2382578495910812,-0.6731448894769058,1.0
0.6729758352015568,-1.2222944242903766,1.0
0.3769928679983192,3.206130239915773,1.0
-4.880295981869937,-1.9679040121133968,1.0
-5.478174982314807,-0.0015260924205843795,1.0
0.4192770946435807,1.6182007653743855,-1.0
4.016278176213641,-0.4647863954756084,1.0
1.5832125954611775,-2.8172551832650807,-1.0
0.2551613299984044,-2.8520651308350997,-1.0
4.528201358708269,2.970025936932574,-1.0
0.15269457524607716,3.1975696936724063,1.0
3.028537175037434,-5.271428703321845,-1.0
2.264617253804612,0.5814034114119238,-1.0
-2.428298076034071,0.662411487200246,1.0
2.074484269390815,-5.561630461360777,-1.0
-3.6354592117307294,1.489566279385688,-1.0
0.09228591884009141,-3.203961504373357,-1.0
-3.7481151997867626,-1.7510804592561124,-1.0
5.38306509136453,1.2478578121614183,-1.0
0.8034973278393361,-0.7910755346570331,1.0
2.830007106606225,2.3510160630264183,1.0
2.46745284950762,-1.8910994993621577,-1.0
3.6594418350699653,0.6483543936314227,1.0
-0.5473096886433441,-3.300643184258287,-1.0
1.3575592116005346,1.4798358622637668,-1.0
0.7304611408930299,-0.7196740248015523,1.0
-3.7050902485228034,0.31887543593429035,-1.0
-0.09986841289558401,-4.6123917397754175,1.0
1.682759531095543,-2.050331100524589,-1.0
-4.532601428339938,4.10809332759138,1.0
0.24677734140814628,-1.704501416300619,1.0
-3.9941368142516755,-3.4739343039587007,1.0
3.489440237930206,0.6582550958413818,1.0
0.8360501637024337,-0.42456686309184744,1.0
-1.677656874089817,-4.359758378067247,1.0
-3.834040450122276,-0.19651306721000827,-1.0
-1.70866870602399,-0.7602728279889304,1.0
-2.425375921831347,0.15700550947469183,1.0
5.6770666850678895,0.3593569586151273,-1.0
-0.7071782411559328,1.1652304469391437,-1.0
4.696260246535472,-3.318296626272043,-1.0
-1.584366279228274,-1.14324859846562,1.0
-0.599282485658452,1.1118690077609874,-1.0
-1.2028575284340877,-1.161959865720339,1.0
3.9167248774308385,-4.598154816713232,-1.0
4.342490265670681,2.558994116270265,-1.0
-2.5673913464808784,-2.204917364396194,-1.0
4.465989718364251,2.5778554100039357,-1.0
-0.28592436202458593,-2.7532098012323,-1.0
-0.6401922139650155,4.560158521722816,-1.0
2.1772268422628525,-1.5750269741019547,-1.0
-2.1398319744843013,1.2811829693652352,1.0
-5.627816136949756,1.7362958687707464,1.0
0.106701611008379,-4.82376799064539,1.0
-0.9910881634306843,6.1611492608074965,1.0
0.799398336600066,-6.15234831594071,-1.0
1.3710262026566844,-6.029251031232044,-1.0
-1.6848916531087905,6.410823978835937,1.0
3.8737810740934036,1.0635058013636693,1.0
-1.134221860535815,0.3753911148992618,-1.0
-5.470954957052018,-0.4104291609758792,1.0
1.7855410445863669,0.7846636219469368,-1.0
1.7564647886092843,4.632923867570091,-1.0
4.453851955144465,2.9713751748339665,-1.0
-2.013074070076073,-0.05605654838411568,1.0
1.4233647155696252,-4.317266012005544,1.0
-1.4137505867377438,-1.6706779917364583,1.0
-4.216365080305131,-3.038010931050361,1.0
-0.8247577755209082,0.5533846717620058,-1.0
0.8498022644972889,-0.825828405317037,1.0
-5.285658127097683,0.27671098896354535,1.0
-1.4813639600228132,4.039945489829675,-1.0
-5.31310019594577,2.4647029532551987,1.0
-0.534255017286711,2.913571940336506,1.0
1.5209368014760316,-2.422157132334138,-1.0
-0.6463907406132895,1.489378501642681,-1.0
-0.8749564093438597,-3.113273165782716,-1.0
2.540465271042504,4.312090806529985,-1.0
3.805408666186727,-4.866036821184633,-1.0
3.040769624082962,-2.7293701447095793,1.0
-5.826990438489939,-0.6042512898509648,1.0
3.546776110269571,1.7125606203673653,1.0
0.5255277185873523,3.2008858652043277,1.0
-0.37055712343340347,-2.05086213608941,1.0
0.06326768864538385,4.602348906515288,-1.0
1.8445448271078633,-2.0059222200580473,-1.0
-3.5629106804638013,-3.562674248525872,1.0
-0.6744521365532845,-3.24291392652282,-1.0
2.701123258813692,-0.1521077705603534,-1.0
-2.780501816328783,3.5952592418474993,-1.0
0.8389510285047946,-1.0485718828897497,1.0
5.779600908671074,-1.0332355796470212,-1.0
4.148420074297676,-0.5224187759026582,1.0
0.9776209405195133,-0.83683406327157,1.0
0.08012555360763035,3.460559372150163,1.0
1.7581241071710736,-5.769875791607834,-1.0
-3.5453616204751293,0.6493258622628817,-1.0
1.9179907119526813,4.368145880560518,-1.0
1.7426491439547402,2.771859331171783,1.0
3.406551145777132,-2.8704788579877043,1.0
1.5030772706545814,-2.4832282010533335,-1.0
0.9427565289133601,-4.619335977030636,1.0
1.3262729200540055,3.096412973523711,1.0
3.312474840840515,3.4815983598210223,-1.0
-0.11589237514198558,-1.5970296858147333,1.0
-1.643385497049669,-1.0051634126415179,1.0
-1.2048535476532733,2.278881356348209,1.0
0.21434843876185009,-4.664006875215519,1.0
3.9370392398374325,-0.39649603358961544,1.0
-0.8750504577676671,0.45375171180055135,-1.0
-3.344201036409077,-3.502816971580336,1.0
2.4176688275837326,-0.713223412906548,-1.0
-3.012875609841342,-3.7059038828549293,1.0
-2.4388031841511624,-2.890523159907118,-1.0
-3.7465949902092732,1.6397331002978495,-1.0
2.0912427480676685,1.1465858267086853,-1.0
2.8332492395184117,4.452564254466084,-1.0
-1.8652842766388964,3.9004645235056525,-1.0
2.819984543747466,-3.43536662503159,1.0
1.234672051828399,-4.3542666705101905,1.0
-3.953263629784802,-3.6833632829532243,1.0
-3.9402767798728395,0.788525159015338,-1.0
-1.31880557032945,-1.6717295891129935,1.0
0.47007589402681604,3.615826151252661,1.0
-2.5694861337129042,-2.2575991276228646,-1.0
1.2374679444014296,-0.9165710921873448,1.0
-0.6107858769911523,6.171939237882894,1.0
-5.238563834653232,-0.15587544239931894,1.0
-0.5357382011156223,6.351170687911024,1.0
4.240675155132273,3.0752598659724115,-1.0
1.2970516546799584,1.5249424188241738,-1.0
-0.26510084914401766,1.4366221253049856,-1.0
-3.6722612844796423,4.59693235592668,1.0
-3.530406558102333,2.423615331514331,-1.0
1.1858839731742936,-6.147157225675174,-1.0
-2.8936230924456927,-2.5373897396443046,-1.0
-2.435224338660442,2.891945827108806,-1.0
2.143277679983465,0.4228272851058499,-1.0
4.84293625948975,-2.6322921617145245,-1.0
-0.6599155926412473,1.2456598802092225,-1.0
3.522065192342825,-5.164517506621789,-1.0
2.6338332307243704,-1.092133673739485,-1.0
-3.447082721020372,-1.3129344976183657,-1.0
-0.06649524461105541,-4.582546678540205,1.0
-0.4957112139972231,1.5832680018989045,-1.0
3.7923777417192306,0.478649585121261,1.0
-2.387335908763318,0.6721298711342534,1.0
-0.012183562639963563,3.1955209676617957,1.0
2.9707323889778863,-3.291154388390918,1.0
3.858667284816658,-4.85390950930105,-1.0
-1.6427302905564938,1.9397466873015454,1.0
0.1623075384379968,-6.404525159832303,-1.0
4.141982512791691,3.184593278544041,-1.0
0.836888213874356,-1.404153723482605,1.0
-1.5284240529482012,-1.1670480351870147,1.0
-2.878262449728325,5.509001501079035,1.0
1.9079341686048745,-5.675920959346066,-1.0
1.4242693521127219,2.789427360522434,1.0
-3.9330411461230455,0.6961520188278993,-1.0
-5.396914625398448,1.6729459338644324,1.0
-1.776903084260005,-2.7017037568319062,-1.0
4.343700060889617,-4.5887819677678765,-1.0
1.2759682187312162,1.7289061575947502,-1.0
-0.07124624881271054,-2.6533361796404646,-1.0
5.339261776503106,-1.9285383588876905,-1.0
-1.7589345447434068,-2.8369388105502797,-1.0
-2.307475626218722,-0.27034619762062156,1.0
-0.5406371690012856,5.921782945701093,1.0
-0.7112669072574768,3.2511067232238045,1.0
-5.486775291780778,-0.005072835936691722,1.0
1.974694547283854,-1.3199786288636053,-1.0
2.103977403460507,0.7046603969880364,-1.0
1.5375276236745414,1.2024100301673768,-1.0
5.181164978842786,1.6923534884723892,-1.0
0.27855988643324336,1.6366928192097987,-1.0
-0.772978872009397,-1.6601666929067838,1.0
-1.987017761653,1.6065289557125402,1.0
0.5269152472343848,-0.9884376091150818,1.0
-1.7452205482309415,2.2812591646886196,1.0
1.9369857797685224,0.7586287272569336,-1.0
-3.1483957573102175,-2.0308762321354963,-1.0
0.20017130251474446,3.4792976073929203,1.0
2.2478131835091957,-1.8151754619571083,-1.0
-2.294525121873565,1.6159173031822158,1.0
-2.7160412839592154,0.8245055770604917,1.0
5.19758422582616,-0.5312944449372045,-1.0
0.6095149029751695,-6.154427438318658,-1.0
-2.6759245376673793,5.805443244904361,1.0
-2.3605691130703454,-4.353295242624378,1.0
-3.953630402669393,-3.3006863811116562,1.0
5.280012550318433,-2.2236717832486073,-1.0
0.9093803522327996,5.0393127087292315,-1.0
4.32043367613063,-4.157462261232256,-1.0
1.8791293899472818,-1.6816445142436014,-1.0
2.635005699404843,-0.25565350005040227,-1.0
-2.1449001511274046,1.714958621494661,1.0
-3.967315192235081,0.13922654450207592,-1.0
1.5995063521730777,3.2483088997046368,1.0
-0.8132226740665536,0.9253090122364427,-1.0
-4.5505874570151645,3.764134152568041,1.0
-3.543503763885556,-1.3481903094425112,-1.0
0.03274856929465919,-4.589249445976298,1.0
-2.5495889371057876,0.4826487498412785,1.0
2.7127024582215933,-5.743030750843751,-1.0
-4.060451571869384,0.2784465170938926,-1.0
4.333334291330002,2.1514924071740418,-1.0
3.1600061597375144,1.6215866118424205,1.0
-3.4034701261526545,2.167719430351566,-1.0
-0.3996430468006546,4.669735311086848,-1.0
1.7922877545072562,4.3144479322478375,-1.0
-4.733068849941188,-2.122972930258394,1.0
-3.3187922993095533,-1.3050148633861651,-1.0
-0.4210709864458989,6.189785389386727,1.0
-1.4141175871615224,2.9288301678605535,1.0
-3.6238611160545506,2.458263863759595,-1.0
3.8302219570583054,3.188555706780583,-1.0
-3.0713123601127394,3.0563175310839044,-1.0
-1.457774488413737,-1.2551703503787324,1.0
3.5307046796105146,-2.4919605112315097,1.0
4.81946474520423,-3.4800890395107134,-1.0
-1.293754341615249,-2.9318859651104736,-1.0
2.138763537894178,-0.73801022652547,-1.0
-5.279368318214979,-1.2313695260706419,1.0
2.0204936448898176,0.6698660953791112,-1.0
3.8412623768712724,-0.31152564911748876,1.0
2.083716156922444,-1.9364232845591671,-1.0
1.491208696652143,1.205356565427003,-1.0
-0.7562042604261324,-3.164501911274412,-1.0
-0.6112056700338923,4.353927144346187,-1.0
0.1212025149957759,-1.641296623049437,1.0
-0.25542617125985334,1.8608432087277589,-1.0
-3.6257396827675676,4.944032811721873,1.0
1.2998869663532437,-3.0144238190255206,-1.0
-4.2030710220359335,4.050759504202626,1.0
0.7324968195869874,4.257271232952359,-1.0
3.0570554169075246,3.7676525153133777,-1.0
0.35795636180640483,1.8939494654940825,-1.0
0.6659518930728198,-1.361519867714127,1.0
-2.2994115791733982,0.49838945053507266,1.0
-2.049279166397385,-4.328537660042291,1.0
-0.6649961430902714,3.115548407881307,1.0
1.8356332553686028,-1.9512640953978848,-1.0
1.8580721244736014,0.8336115387816734,-1.0
2.0544860113439114,2.5972305078426654,1.0
-3.711140405982138,-0.343247178084791,-1.0
3.722291418069771,0.120064216902732,1.0
-2.624347367504998,5.641200748063391,1.0
-2.115032891545503,1.6241880834600058,1.0
-1.1164380636133866,-1.7452641233234334,1.0
-3.752087623913659,-3.0979469644592075,1.0
-0.7412720010102085,0.5442478158441271,-1.0
2.245921566287855,4.355639244060224,-1.0
-2.56257759971575,-2.779944800228726,-1.0
-2.2511842508212068,1.558293014859873,1.0
-5.836164605110062,1.3996667739459976,1.0
-1.927433366309093,1.4890054237490835,1.0
1.2120138897957182,-0.012644405472806375,1.0
-1.2703147370587191,-3.3194913727036095,-1.0
1.9644118596817877,-3.877074790465237,1.0
-3.9845680095543305,1.2175566385174137,-1.0
2.8339047230585046,-5.423212500250866,-1.0
1.8585635282032138,1.3530498959813084,-1.0
-2.9004332899471845,3.339574760820388,-1.0
-0.9465467209879369,2.5143083562912456,1.0
4.574677079076594,-3.4397986481683285,-1.0
3.648889118681429,0.7249986862699469,1.0
0.06464311194672512,1.6364685948247448,-1.0
-0.1611753333718329,6.606769952204567,1.0
5.521374557454245,-0.43821951493602485,-1.0
-0.9695668955487449,0.32567315713526357,-1.0
5.36822986869092,-1.4957503906615615,-1.0
-0.5526483213431055,1.5071063281993524,-1.0
0.7684564454177659,-0.6445059057354412,1.0
0.36121449956729484,1.6908184441321439,-1.0
1.5577173009225411,-2.0283484239523157,-1.0
2.194231473822273,-5.657776708194094,-1.0
5.3106926506041905,-1.852952858094734,-1.0
5.200544463013241,-1.743145436939517,-1.0
1.0308983632677355,-2.7863131007736563,-1.0
-0.213244599722325,1.1416550790359095,-1.0
4.0735665048702625,-0.5061804981284649,1.0
-0.5399788880691287,6.2528663979529675,1.0
-0.8008463478658537,-4.675972044339285,1.0
-2.922574618213889,5.711477578478927,1.0
-1.2690775651969615,-0.9803496530282517,1.0
0.5265988477520053,-6.380415040332718,-1.0
3.320469205066332,1.8612625091885338,1.0
-3.7246930796356326,1.4808700660124179,-1.0
0.819301562757083,2.0929631502844863,-1.0
-2.6248724413001336,0.7960041636472175,1.0
-5.430109858692325,-0.47223994885815046,1.0
-2.0430435686223993,-0.2910101176157195,1.0
-3.76663361267632,4.596167066205002,1.0
0.015763564957136544,-3.0045756555567347,-1.0
-1.624099601720621,-1.4089679911885327,1.0
2.389208416519945,0.38202226077433304,-1.0
2.5699054799131593,1.8939963147046204,1.0
-5.162335699660453,-0.2993955353791601,1.0
0.7218535153147945,-0.8672677361114769,1.0
-3.789185666478303,-2.9333111404320267,1.0
-2.277061710674595,0.9912955014424224,1.0
-2.354555496759402,-0.5893994533208481,1.0
-0.021839218479857106,1.4523632232046206,-1.0
4.596086601747838,-3.1308659150684193,-1.0
-3.2325175960911854,-1.3563468666178546,-1.0
-1.2689162032714507,-3.098236825507196,-1.0
5.415545746246803,-0.18284517306768291,-1.0
-1.1877311898776775,4.48390358012773,-1.0
-5.525398372110136,0.4907506624609424,1.0
0.46415263328761747,-1.4491732507791846,1.0
-4.772593452499539,2.468793536607685,1.0
1.8041554362801304,0.6743732964475333,-1.0
1.7029619056572836,1.1180368666606824,-1.0
0.7016794331462556,-1.492459909377402,1.0
-1.742835562921758,-2.852304250924687,-1.0
2.4376818833011966,0.44006448947741494,-1.0
0.3440527489124191,1.424956001862947,-1.0
2.6589797665184265,-4.024757973064875,1.0
0.2155154024277326,1.582645903911681,-1.0
2.4030930228588767,0.008095894014311628,-1.0
0.572228495443835,-3.131658579135474,-1.0
-0.6715248967629168,0.17716815877899517,-1.0
-0.9392666988607913,0.8850665928377295,-1.0
-0.6410477072575038,-4.726555288617548,1.0
-3.92493360099797,4.108507649675054,1.0
1.2528188567095082,3.154167158019298,1.0
3.4177096739221864,-2.280958853132102,1.0
-0.3847199280099641,-1.8122722203528097,1.0
-5.0252979602429635,3.3492746231273496,1.0
2.527329298516534,1.8587245145036564,1.0
1.3090327329979499,1.5734598844761734,-1.0
1.5919305250495812,-5.988611881940296,-1.0
5.389466424372476,0.798202329614744,-1.0
1.8352292964008026,-4.498793905212926,1.0
1.2025392870521974,-2.8839402503085814,-1.0
2.7173921286324823,0.025331415406567276,-1.0
-3.6330703108281,-0.8476648253926276,-1.0
2.2540495012463055,2.566291648033364,1.0
2.227842483358915,0.5479118872512712,-1.0
1.642100631288135,3.0268268636416304,1.0
1.1305605220867805,2.8366913927722517,1.0
0.5017849616862943,-0.9906681979551639,1.0
2.5101922806476464,0.5770676251026037,-1.0
2.799190107389653,-5.51439209983161,-1.0
-1.965253563609725,3.7362884596829575,-1.0
-3.792410821435123,4.6567473529128565,1.0
2.270188378977966,-0.29946498931186305,-1.0
-4.208684574767686,-3.4590568142974805,1.0
4.152980227135179,3.437458187587286,-1.0
3.651265614518213,-2.1347986219424,1.0
0.7521061620127678,3.1295989508811166,1.0
-2.748282518274839,0.2804858629872902,1.0
2.9725100382795544,4.420245348358654,-1.0
3.476841984549075,0.9257772863111595,1.0
-1.4094595328369228,-4.702860851645068,1.0
-1.0056199777115806,-2.6375975722316864,-1.0
-0.35194416427162134,0.6241124462790223,-1.0
-3.9795169105231283,4.403205153330208,1.0
-0.5958139221721646,1.0608474891909832,-1.0
0.9772955916477064,-4.628008574940643,1.0
-1.975721101936659,1.7337087092385672,1.0
-0.8641039429808783,4.710577941056755,-1.0
-3.6957008825460873,0.30564024523595956,-1.0
-0.6925070365699646,3.244045440979468,1.0
2.615642331605626,2.492084612124297,1.0
3.3444507555910223,-4.9904454065699575,-1.0
-1.5564999588472357,2.635115786626006,1.0
0.20012307687188652,-3.401245297473986,-1.0
-2.108988043710564,-0.697673680235817,1.0
-1.2962958753727492,0.6081948799715866,-1.0
5.135906784115494,1.8433915951429019,-1.0
-1.526590419752415,2.172883634189895,1.0
-0.33739854574645545,4.726047409123389,-1.0
3.1819846669827134,-2.90709495537448,1.0
-1.8191025011925714,4.292562628936679,-1.0
5.223700800648956,0.6887418810321349,-1.0
-1.538117243307182,-2.8781337701663845,-1.0
2.4285864438179825,-3.4973150197470644,1.0
2.124831431281096,-5.6665780530038035,-1.0
-5.1071437043256775,1.0434569112980974,1.0
-3.9828999369197065,4.352918555183241,1.0
-4.8206628646881775,-2.2510941059813843,1.0
4.930059849652475,-3.5451301986153183,-1.0
-0.03225883415780016,-1.4465094314280924,1.0
-5.444999935178514,0.6618828899550071,1.0
2.6596861492215016,4.21969704836663,-1.0
-5.697773963939744,0.14530183506406638,1.0
-0.2167330977719588,-1.6730813891431906,1.0
-0.5517053299568314,-4.817351927522842,1.0
-3.690605335584372,2.091592679934987,-1.0
1.6215925487099403,1.1947007119919408,-1.0
-3.894884424742606,1.0127693555386164,-1.0
0.5200972385297882,1.531164675571587,-1.0
3.1510294300395847,1.8845037934757973,1.0
0.7736344414860686,-3.1464613706030744,-1.0
1.0853456030734274,1.3904254225524757,-1.0
-1.6775192535012036,2.0257765359084603,1.0
-3.048141824807311,2.8630393139624473,-1.0
0.716029707883644,-1.039686335514556,1.0
-0.6617878801175048,-4.565359275731304,1.0
